Power PV,Power wind,Power CSP,Match demand,Minimize cost
27812.97997520018,41937.1571548158,3942.5190911407417,1553225.2653568455,47.85872124359013
27218.355620954902,43022.187197744104,5136.251963608617,1874030.8285592846,47.901722488234235
20699.17286931196,43419.9061974649,6372.234670082953,1145874.694958905,49.28666660508841
27812.97997520018,41937.1571548158,4955.356254985224,1727739.7087599998,48.02201291441664
10413.778651278,47213,11479.35072492255,1266920.7627471592,51.344331526225695
11048.46900770743,48827.91491901245,11295.92658460924,1642010.1017332235,50.76350787478364
27819.43604507731,47815.75042807426,865.3795382268713,2442683.0151187633,45.95641991389536
28133.25818811144,39000.134346339524,5548.656827905632,1335774.476351258,48.75461713342619
27819.43604507731,39000.134346339524,6171.576022441717,1396252.5317141716,48.91589123054091
7391.731661781454,47213,11295.92658460924,906971.8870315014,51.974175410135295
30681.20794179123,38795.725995333356,5757.330681683475,1735373.160799639,48.35663730788351
28857.6723538866,42530.4599546876,5425.561670350691,2129162.3704166254,47.75880064584859
28601.90497987904,42184.429213705,5445.500225358739,2007750.1191397044,47.89196207353748
29735.427181967647,42530.4599546876,5425.561670350691,2307850.0421375385,47.60161807451394
27149.604130418156,48233.52362974573,789.4815710545661,2410427.0300662247,45.965449990658826
24594.7834650733,51259.00830782876,837.571210697427,2842685.4057386094,45.72317170586798
19101.4906886653,47213,11560.646070181225,2903107.858749447,49.526986204011564
27819.43604507731,39000.134346339524,5548.656827905632,1292702.176924502,48.81505092573766
26871.919306421514,42476.838416274615,5425.561670350691,1759058.676293981,48.14682051373058
28571.255038956384,42530.4599546876,5425.561670350691,2073798.8153752561,47.811520262445256
27145.302410117434,48233.52362974573,789.4815710545661,2409485.128601652,45.96624093996049
27145.302410117434,48233.52362974573,1162.9217938724792,2474766.8804606455,46.026629252525574
6587.56390097992,49243.70615264036,18417.71003482175,2785686.3533973447,52.80448211499684
10652.756778993116,49869.48052914819,12055.492428168447,1994773.4874275625,50.71333323660694
24594.7834650733,50923.40710782686,704.107045528348,2708840.4727365957,45.78081534212974
6279.495895260171,47565.80027617238,11479.35072492255,870583.0509965144,52.16075657326653
27133.255452862384,42476.838416274615,5466.251743164025,1812231.1873980619,48.103426009209876
27145.302410117434,49768.995927851785,862.6746264938703,2930585.9848834523,45.61294414059992
6587.56390097992,47565.80027617238,11479.35072492255,899977.1133844692,52.09176076060674
24894.015419882628,51239.170842725216,443.0377153767058,2835257.6344388644,45.60876277515695
6263.885014037063,47565.80027617238,16552.12730637577,1696557.3732779252,52.96439400768593
24891.306777628943,51239.170842725216,34.064209046360865,2767284.8572348775,45.543382958597356
6476.979591505844,49869.48052914819,11669.04842138293,1301524.1153131218,51.56143057532116
27145.302410117434,47296.43738281748,862.6746264938703,2143050.714048929,46.20024927834531
24894.015419882628,51239.170842725216,25.666405237010245,2766530.8969690637,45.54152895121359
32626.199094190593,42476.838416274615,5425.561670350691,2994190.0775998756,47.11827145759467
28404.007473545877,41472.91785525161,5548.656827905632,1851395.4433934297,48.117031487637895
28404.007473545877,42476.838416274615,6703.670007535453,2324497.1586722205,48.06650439376051
24594.7834650733,51259.00830782876,16.444637828946668,2707402.2099575824,45.59099098975201
8416.040073309458,47213,11588.952458505768,1051282.2776611522,51.799072137980616
6263.885014037063,49873.80756956664,11479.35072492255,1251893.105731581,51.57661123197699
27901.280970324435,39000.134346339524,5548.656827905632,1303924.9261785236,48.79925410110936
27133.255452862384,42476.838416274615,5425.561670350691,1804698.663899685,48.096887583372045
30266.02355210356,45766.936838679845,847.7756491519074,2386587.630071793,45.99821251256966
29839.028192891303,47565.80027617238,695.1150205817821,2802987.6297851647,45.62799912229876
29460.949503178617,47565.80027617238,695.1150205817821,2711833.507151361,45.69475445487792
26183.62093149945,50642.05799615419,102.6877493657296,2868423.305741093,45.45829684619727
27145.302410117434,51182.4893776269,22.909269620167834,3289310.8935120567,45.150971356984
6263.885014037063,47541.62447043772,11570.584482634975,877669.9571111845,52.18502355995033
28705.62061553563,42476.838416274615,5977.079604223024,2201460.936947786,47.889269300240265
27994.54738973918,47478.147755813145,847.7756491519074,2374003.289275116,46.00145454019238
27145.302410117434,48233.52362974573,862.6746264938703,2421786.0725903786,45.97809789485897
24883.442396310642,52461.02565645294,33.4596894204542,3195185.210677446,45.2650506292202
6571.894851893325,48059.18548528469,11931.783153726214,1030616.7834928797,52.04492040534954
12156.318058032153,48048.10691089594,11479.35072492255,1690995.1607609463,50.753646824111335
27987.09978855806,47478.147755813145,847.7756491519074,2372397.051162911,46.002797777038666
24919.28105408358,52335.28740685979,25.62783929672968,3157602.400991372,45.2858430004367
27547.828567353015,51239.170842725216,25.566548296332414,3416340.512713459,45.069090811182605
30366.905222469464,49068.65546803829,477.6588968303686,3430016.7731685727,45.14979904859733
6299.55653913477,47921.59605199839,12316.350593535655,1033992.9156352323,52.20233395261777
24894.015419882628,51239.170842725216,25.566548296332414,2766515.0093887416,45.54151288272097
26025.908297851944,50719.333561017775,24.849003602888843,2845310.8869328676,45.45619268198051
30283.331607059743,49225.165673716685,403.8583013256314,3450680.896732479,45.11623766980867
7655.878809435207,51261.8964625406,11479.35072492255,1700270.9315194301,50.913105031019114
28404.007473545877,42476.838416274615,5548.656827905632,2055141.9621131953,47.8752481308076
28571.255038956384,42476.838416274615,5425.561670350691,2061986.1743440642,47.82431948410571
24735.587309074166,51685.713633568455,484.2686254105052,2961701.2473989883,45.541166181955035
24670.532164203178,53262.77626805134,36.550120072016014,3440619.838664694,45.12348044489665
28372.67901973359,39000.134346339524,5548.656827905632,1369691.4041174182,48.70872417756772
27993.639464750107,41336.35904074048,5512.970856150638,1747592.5253203963,48.221709536353956
36204.23816817519,39361.23911265889,5725.687560932924,3158114.1802201867,47.286149729376994
28954.185105576413,50557.353444687295,79.06646493276179,3540603.0331305685,44.98954679639526
6571.894851893325,47921.59605199839,11939.069218032086,1011277.0910282026,52.08123076956546
28671.86893544603,39000.134346339524,5548.656827905632,1413371.991587918,48.6512438014714
28342.512052539147,39244.63385258637,5634.507578290958,1421070.0071161175,48.670034715671974
26393.751601298027,50605.82038543525,106.99327869637382,2905616.2554289727,45.42947580075866
40423.68659446077,34814.94122005963,5747.189745564887,3063381.9144045976,47.617262045205955
26451.534025602024,51174.22102571948,1070.2924871821403,3312394.013627237,45.44640764133629
26451.534025602024,51301.35946031783,1071.9170973857836,3361733.686091587,45.417983118922756
35607.23651792385,45259.74561422869,579.1364191208141,3603026.276583764,45.182873523647025
8416.040073309458,47133.38247185633,11942.074358686925,1090340.1951727632,51.87710041894891
6263.885014037063,47565.80027617238,13911.53484347984,1200888.6885015382,52.55304254656087
8416.040073309458,47213,13108.556652130805,1281305.0440053989,52.04318933476513
32189.810943788594,47423.40370831401,1139.590681620219,3456762.451495313,45.33173938514845
6263.885014037063,47565.80027617238,11479.35072492255,869174.8481978665,52.16428317857399
35608.19396457789,43538.387465699525,586.700209886024,3081214.521380008,45.57578407465476
35608.19396457789,43653.409946954904,474.13597834316397,3097319.8545502434,45.53132036430985
32189.810943788594,47423.40370831401,1109.6091875419197,3450200.3597186483,45.32680723386081
24670.532164203178,53223.14525217242,276.7517799442018,3468527.7110681273,45.17121208348867
10849.755046183243,47133.38247185633,11558.192556525653,1322492.8553407127,51.28271241596728
28405.940060238627,42476.838416274615,5548.656827905632,2055508.2142415752,47.87488731054549
35137.27073913663,42162.8414290073,4955.356254985224,3470306.279648719,46.69904612815095
24670.532164203178,53223.14525217242,611.3997217736819,3529955.900370161,45.22554810448979
25117.393654116695,52788.21126986397,1071.9170973857836,3568212.059999803,45.318507394873635
24670.532164203178,54172.602804998176,781.0212604186866,3935865.02029984,45.04309663497883
28405.940060238627,39000.134346339524,5548.656827905632,1374486.1069517958,48.70234887649627
8416.040073309458,56463.21336699369,11558.192556525653,3503177.3815182955,49.48830158211512
26451.534025602024,52361.05772231388,1071.9170973857836,3760141.224424967,45.180093753228014
28107.56145083926,48636.516250957524,5548.656827905632,3917546.630106235,46.48743879192639
8416.040073309458,47213,11479.35072492255,1036217.2758633639,51.781242536634075
27100.58028835636,41883.62718301754,5028.225054572911,1615631.797396292,48.18340473240524
38757.894178127375,40608,1111,3281547.4376699277,45.82932812477744
24670.532164203178,53223.14525217242,1071.9170973857836,3620137.69604735,45.300909977082455
30283.331607059743,50570.62091295924,403.8583013256314,3988444.3529441846,44.8150312840398
27993.639464750107,40897.6490729667,5548.656827905632,1661687.9708825748,48.32988787093673
9586.967060352665,49226.30794351991,12535.38808223865,1749292.5175714479,51.18239312334909
27145.302410117434,47478.147755813145,847.7756491519074,2193735.961466899,46.15559668895574
30420.282834725847,42023.24488229424,5490.734932417492,2350563.4918375737,47.60988724411382
37784.88114081678,40608,1111,2987079.5587956063,45.98254333476747
26451.534025602024,52267.713401927525,1071.9170973857836,3723335.566230836,45.20087229398608
27100.58028835636,41883.62718301754,4955.356254985224,1603077.5094288553,48.17174845642058
28107.56145083926,42026.67766137401,5548.656827905632,1905601.8796662132,48.03956504480845
31022.51002352111,42023.24488229424,5599.393168543192,2509315.7616715753,47.52143538408033
35581.13471851839,41416.35725402525,996.4414500112422,2554495.2861408577,46.13279300948491
27993.639464750107,39000.134346339524,5548.656827905632,1316553.4188382737,48.78145619448727
8416.040073309458,47133.38247185633,13547.801447199563,1342439.925083561,52.133252616089415
7404.938139099464,49400.81883440275,11859.698079077836,1348067.8024772103,51.507423945667256
9338.608965317835,49400.81883440275,11016.26064559309,1459149.4071973902,50.944035050494094
28069.293991778773,41883.62718301754,5548.656827905632,1873045.6483641725,48.08138741255614
35608.19396457789,43653.409946954904,586.700209886024,3113189.8852879177,45.5494009035242
27145.302410117434,51763.33226760907,1064.1389240199055,3716058.7527295477,45.191903526013995
26451.534025602024,52349.09237077527,1071.9170973857836,3755316.034906359,45.18274601295885
30389.61674073612,51706.13621144531,424.52929727311664,4505751.18744446,44.552664848248504
30389.61674073612,51706.13621144531,830.4915854022718,4603396.475325908,44.62012639561066
37240.8062953138,47161.17269768773,935.3399322353167,4959406.908274705,44.56181059108125
27993.639464750107,41883.62718301754,5548.656827905632,1860326.7319033453,48.09595290880765
14253.941445627524,47213,11558.192556525653,1889230.6227768264,50.53027537900142
30420.282834725847,42023.24488229424,5599.393168543192,2375574.2324506557,47.62804213835276
27145.302410117434,51763.33226760907,1066.3923579259022,3716541.580768294,45.19227447023646
40130.19460244696,42504.046221464516,1069.3959718676342,4297647.621608234,45.181231356477184
30389.61674073612,51555.748797805594,1190.9255097498612,4625109.918935789,44.71284641402942
8139.411778508031,47213,11992.16692777366,1078776.6558307125,51.925559277893974
9264.789725633906,49082.72198530284,12006,1561872.9995186247,51.2039308426613
27100.58028835636,41883.62718301754,5548.656827905632,1709288.290728452,48.2672215385266
28107.56145083926,41883.62718301754,6317.468638831966,2025164.4878456597,48.19737315482731
36111.97187173512,40399.714553204074,1108.9156073915447,2473530.6577898934,46.29796500410546
35608.19396457789,43582.63153953208,1110.9505629578732,3174452.207075769,45.65068941323108
39493.75568104946,41416.35725402525,1103.3835285665593,3742241.9139878345,45.53161847696753
30389.61674073612,51706.13621144531,1190.9869739627052,4689183.310992208,44.679883904347406
22136.715945750675,58937.50680058707,1073.3442291389774,5432841.9366826415,44.5152134706732
8416.040073309458,47133.38247185633,11558.192556525653,1035734.0823234787,51.81450140171333
8132.250678910648,49400.81883440275,12006,1465116.7151882222,51.3710671945199
28061.995046760134,41883.62718301754,5599.393168543192,1881144.4279027618,48.09090634456437
26451.534025602024,51895.27944781707,1215.9805766211375,3611035.403068559,45.308160861592306
39924.79643450722,41994.83774379982,1027.126098684982,4053924.6436488037,45.32072315734675
30389.61674073612,50570.62091295924,1191.3271339779794,4199152.154775734,44.92744014331446
28107.56145083926,55801.930647425936,349.983844833067,5598705.757451943,44.032352929301084
28761.351760157017,56719.67512138424,1126.167990523825,6507132.417921395,43.86317004015354
35566.57786592382,51612.39973310854,1191.988525720428,6566051.9943998195,43.906348523418856
8405.374007709594,48073.442344345865,12971.142061372753,1411110.1921301263,51.80711751432825
9338.608965317835,49400.81883440275,12006,1642874.6057397244,51.10665969799903
11010.98405603044,48932.782546520684,12254.263771375312,1869083.0889830098,50.902812388819726
37348.55657614142,40941.83403587341,1600.6392371580769,3015589.1357309967,46.055577026744274
38153.13969407427,40608,1111,3097632.625318025,45.924469421740675
26451.534025602024,51174.22102571948,1071.9170973857836,3312733.9965025573,45.446677244074124
40337.262997525875,40608,1111,3794747.6898897253,45.58445815074196
39699.02220471023,42155.29884865448,982.2176311893086,4019539.2745359014,45.311896956092276
38436.14529666289,44049.40913954277,1349.2507375840758,4269095.466457918,45.13995737289549
39928.34269608436,43587.64465612327,1110.7500448334406,4604633.444641646,44.977232251504006
30389.61674073612,51858.42635732594,1190.9869739627052,4755139.670976223,44.646670676193786
37067.17156002028,43838.591618632316,5506.328294749957,4918266.092388172,46.12113558252789
35216.209386104776,51185.93312891034,1071.9170973857836,6166915.946393807,44.024247881840225
45786.34949786315,40941.83403587341,1111,6268700.21704943,44.688836636011736
29081.03670425657,57137.92141408831,1081.3909214529806,6837674.300589846,43.720271123366985
35691.82369398191,52007.31165555048,1584.4219984569713,6935620.526060582,43.87284225347644
40064.8130324774,41378.09050155516,1111.0993996484747,3926727.5967644686,45.45347006274881
38396.12497024535,44080.00535173742,1370.9202334883846,4269843.742421998,45.14273850353528
38452.62707529577,44049.40913954277,1349.2507375840758,4274831.054595582,45.13744219285084
30389.765047552803,52007.31165555048,1558.8600613836668,4920591.629778436,44.676301203948064
31119.73388890487,52007.31165555048,1029.6411524868613,5023213.902740769,44.46934328544637
35566.57786592382,51612.39973310854,1111,6540899.27009599,43.89241910313011
29638.688914254868,56770.446948017394,1019.7095151633198,6832096.123517039,43.69695410143364
9338.608965317835,48932.782546520684,12232.506290271764,1582784.2879211742,51.262885876571644
35670.9353688579,41416.35725402525,1111.1004769985761,2591174.81290281,46.136397817020956
35566.57786592382,44477.59793003177,1111,3437185.3567628735,45.45377771839635
27639.689683337936,51174.22102571948,1071.9170973857836,3628515.7736966643,45.23987326590473
30837.464265388167,49505.85184138017,1561.1319700679023,3981566.710768015,45.1517227505475
11288.473841195178,62472.31235494204,1071.9170973857836,4497150.931451849,45.828732180360305
9302.423219158854,58071.09098182957,12053.290685612254,4539935.136225619,49.00696651182484
17040.66917888813,53006.09854717541,13034.347872507298,5053356.131179697,48.86364333638516
36611.30713054246,49505.85184138017,1373.0333255510732,5967402.671678463,44.226446431566465
29140.058770425105,47661.899818245845,11583.148088694143,6473718.712481625,47.675723256458774
31210.95292039281,57018.71724073579,834.9259261109355,7547961.84098627,43.376825373003555
28107.56145083926,41883.62718301754,5607.947599144358,1890188.568641584,48.083476788903106
38126.69332099523,40391.63049237101,1093.3227503198589,3031094.190709941,45.97482889901185
35608.19396457789,43582.63153953208,1111,3174460.5170049756,45.650697523540934
36917.084296029025,42154.38140001011,1611.0692981456173,3236782.113283592,45.852368974054464
35609.94202273919,44572.14082446395,1111,3479935.7607369986,45.4256729348773
30411.748737913487,56987.08929284673,1174.9258293604662,7304313.109634262,43.56158339740493
31210.95292039281,57018.71724073579,875.2333353936733,7560606.707090742,43.38369914757604
40817.39660709984,51323.18045449711,1371.7883326741955,8984880.056051033,43.27800596536286
8057.075128506758,47213,12006,1071924.4362376553,51.94590222513752
9338.608965317835,48932.782546520684,12006,1542597.0773170127,51.226342353621604
30420.282834725847,41883.62718301754,5599.393168543192,2343569.2487528995,47.66076776663836
37348.55657614142,40941.83403587341,1111,2941945.019744033,45.976020867303745
36917.084296029025,42148.5908232831,1562.9412916180759,3227222.0745911435,45.845869385459395
37791,40608,3929.3344916609676,3534523.0897164885,46.45097999736621
39521.452884185164,41772.39420429247,1073.0569410746305,3852680.0124073196,45.44133008647987
38396.12497024535,44094.610675607706,1370.9202334883846,4274637.629678586,45.13941766269981
40062.00025690273,42530.618480997786,1050.7733243654638,4277757.075831661,45.18248774463264
41011.548642192625,42530.618480997786,1495.5940145115324,4735461.355652777,45.11285296408484
42038.86757194484,41883.62718301754,1612,4953234.036497794,45.1219412672653
24369.12227247012,56770.446948017394,1071.9170973857836,5061703.61484909,44.58143458041306
31119.73388890487,52007.31165555048,1612,5181055.134625299,44.56767565591729
37791,40414.818230183126,11214.80282587434,6593938.343763961,47.833303665503905
30859.83580369017,57004.76714371122,1372.0432387068656,7561949.112425392,43.524092820631836
40609.68462177036,49505.85184138017,1561.1319700679023,7868082.809757587,43.70023106976405
46906.63735956141,43587.64465612327,1111,8052762.667737447,43.96740193227392
8416.040073309458,47213,11558.192556525653,1046977.6896113036,51.79404683398834
38126.69332099523,40608,1197.2139585792029,3101833.2509062514,45.94251794180387
38116.623628375084,42530.618480997786,1497.0824716173029,3693203.248673943,45.556564724969085
37067.17156002028,43729.498204519405,1612,3757404.759147048,45.468424700518455
35608.19396457789,44734.896184863144,2311.901245470011,3787333.604564197,45.58866664925621
39928.34269608436,43587.64465612327,1466.9472123833307,4680091.657220187,45.036823694562884
41314.5005898773,44273.96740226748,1562.9404716441873,5535733.164920448,44.6966081187447
27639.689683337936,56770.446948017394,1074.1507911626406,6121891.457834924,44.02654375629039
30859.83580369017,57004.76714371122,1174.9258293604662,7499155.966053562,43.49029277881888
30095.96466224006,56979,2622.3602819669513,7657781.68219917,43.86141998666891
38613.15272428971,51082.915802935546,1411.2824886357598,7723080.36971979,43.62997353744392
39210.15738987239,50934.093687782646,1298.4542308888583,7893344.580813778,43.55856592676062
40817.39660709984,51398.18419444893,1160.2945944668322,8953891.216141248,43.226550655233126
43680.61133181627,48668.47971365189,1980.443074955164,9197274.643927546,43.52536217655405
31210.95292039281,61292.23045373706,1942.916089632337,10603650.599418884,42.760159136907504
36240.9610288011,58947.63753722342,1206,11284697.405770887,42.39585309118913
28107.56145083926,41883.62718301754,5548.656827905632,1879521.734899467,48.07402748597961
7951.286968612517,59030.15198331132,5564.370638963916,3101742.8909522463,48.00028397250557
10688.728951197008,58204.89394174508,4979.550511281037,3161992.7363929306,47.52499823034529
36950.01804363167,42530.618480997786,1495.5940145115324,3335530.8087457763,45.741729526398714
39928.34269608436,43587.64465612327,1111,4604685.441253825,44.977273994252876
30807.040323129768,52207.274605899765,1999.2306611527729,5275776.358642378,44.64035900058819
36611.30713054246,49505.85184138017,1561.1319700679023,6025550.690578671,44.259076451636915
30254.734540241894,55915.19623659677,2657.8364134044054,7118992.057271373,44.05734403112475
44587.83679908379,41883.62718301754,5572.236415413864,7449986.799523405,45.427224578286264
38613.15272428971,51037,1454.9441447263223,7711807.894872612,43.64683269558844
30859.83580369017,57372.55265410045,1174.9258293604662,7712588.8211624175,43.41757100627061
30430.79280736981,56979,2425.951794144152,7729926.699980562,43.77658698215027
30267.48234584347,57372.55265410045,2576.0915092384002,7945933.916381522,43.750103906982844
39546.329510062045,51037,1552.1298238025336,8211231.900064615,43.53685028596481
41236.91814673812,51037,1562.9404716441873,9113280.57447913,43.31220598577581
35608.19396457789,56719.67512138424,1111,9461104.732908668,42.8698002970266
36240.9610288011,56702.57312222483,1206,9803093.272458462,42.80674757926511
30486.510656563965,61246.698595246606,1999.2306611527729,10250096.661838755,42.88016088368318
32623.615013585302,60567.59206527107,2613.5761584170723,11099704.219199123,42.822424422605
57940.567037214816,38887.050849099,1137.729203734838,14431532.758459944,43.514047677157336
38155.88588833838,61390.62951933734,1999.2306611527729,14540349.624542955,41.88210573880304
46838.909957594224,53899.59256962729,2048.8469236068954,14914779.76129934,42.15876610035169
44881.379249343576,56923.076398448444,1590.0314369959174,15480119.700263647,41.77734708068442
44881.379249343576,56923.076398448444,1979.1346252470762,15681173.440656682,41.848497307182704
36816.1306104239,42530.618480997786,1612,3314926.525909072,45.78205149414875
37067.17156002028,41883.62718301754,5548.656827905632,4188975.8639971726,46.56529648711197
10932,63676,4979.550511281037,5706469.8222988825,46.26397077819971
27590.297315943837,58007.62604965244,2589.703398736513,7220041.469118346,44.03891410735446
40078.42584602084,48949.55823061576,2254,7520062.240064201,44.00782099793129
30095.96466224006,56979,2613.5761584170723,7654648.344616684,43.859888759734126
30430.79280736981,56979,2613.5761584170723,7798805.243272115,43.80953508254933
30267.48234584347,57372.55265410045,2706.857355502594,7993637.013925431,43.773299010179926
30807.040323129768,61388.94150116087,1999.2306611527729,10496750.44413779,42.8089033156311
13530.846523137283,73107.1426797744,1016.0542095683969,11591930.7402495,43.34935406862054
8755.543474579008,75603.4033439746,2576.500829720838,12357904.981898563,44.0266276703191
10178.56886104153,77135.96342397617,1989.5738992209758,13865779.17080449,43.42519083022198
44454.64525802605,56923.076398448444,1942.916089632337,15334386.697763093,41.88906118125192
44881.379249343576,56923.076398448444,1953.7997662520152,15667586.742598096,41.84382891843514
46704.82342698407,56082.08398633225,1296.0540507394574,16106612.234407322,41.66427048348426
43678.318587666654,58562.28280930137,2873.628038393084,16533833.154083058,41.87574163210437
44976.314149131664,59316.95108820713,2016.1243092983643,17678345.426989682,41.453746393284675
44159.46984328765,57934.75438183622,4921.012676479062,17709619.322009362,42.31977505299469
8590,58179.83478342822,5639.39559778001,2903240.8719541547,48.07662493456445
8590,58179.83478342822,5699.0548302782245,2911721.764485175,48.0860936166241
38126.69332099523,40608,1111,3089519.7084456068,45.928623827449464
37067.17156002028,41883.62718301754,1612,3206971.0274311816,45.89024200054422
11892.398860168643,58179.83478342822,5795.568966419535,3534452.9016689723,47.414300239411595
13530.846523137283,62878.69768714882,1111,5177597.587285019,45.30386745252897
10932,63676,6053.267775808456,5963070.663598713,46.439576298848316
27639.689683337936,56770.446948017394,1071.9170973857836,6121294.7002295405,44.026173158129744
12617.848014272524,62989.84202838497,9197.03679060632,7056589.732072725,46.797063049213946
27195,58158.2455028341,4921.012676479062,8022386.174508146,44.486712802149476
39546.329510062045,51037,1497.5984669163765,8192203.544558239,43.527353780332604
26943.002713601963,58469.17216034358,9277.48098428939,10225399.957442662,45.29719677368839
8207.391589855877,75395.55722849225,5642.467502343487,12896930.521954501,44.67101013429053
6232.904615886695,78397.33708506734,1269.5340223762717,13490185.22120674,43.80874637041207
44231.333958820294,56923.076398448444,1942.916089632337,15166061.74509433,41.9140835819961
46838.909957594224,53899.59256962729,3774.0230045233575,15884675.47213721,42.479851777578894
44164.97233602579,56923.076398448444,3651.087153656693,16062271.717118047,42.23952748335811
46704.82342698407,56082.08398633225,1303.5172827797214,16110400.068194814,41.66561808150828
44164.97233602579,56924.09837356498,3771.4771874679063,16137343.85787026,42.262461099773176
8740.69654997691,81330.67222702787,4872.384611812646,17871560.130875047,43.50074283653746
8416.040073309458,77946.08028104974,12006,17950374.472170625,45.379494564578216
44813.097107299225,56936.52784267602,5773.493992851798,18035532.36356746,42.5827573843606
43680.61133181627,61390.62951933734,1999.2306611527729,18389893.818851195,41.260006043984134
44292.831328558445,61390.62951933734,1999.2306611527729,18886653.09809153,41.19687067955232
44164.97233602579,60188.762625278236,4292.410081838883,19190776.57071371,41.83562296082183
39522.111486621645,68377.87677600163,1498.625307338276,21261431.007518608,40.574185413945465
9526.989820530904,56945.27463975054,4905,2523379.4388272157,48.05458212696958
8590,57402.51880150728,8560.288788100135,3134883.526040727,48.72925922947984
10460.237973493198,58179.83478342822,5699,3226282.0637031067,47.69289632167538
35608.19396457789,44734.896184863144,1111,3529732.996413634,45.389168718415235
7107.093367584967,63630.11666467111,8763.010515947524,5661776.85351131,47.6593071036391
12871.078665883768,62802.98924440234,8870.770259054985,6915223.138725989,46.731250893236414
27195,57607.09648091499,4921.012676479062,7698294.85411655,44.59707883557555
40140.607855648304,51037,1562.21757639698,8522322.552030077,43.458499615688396
8590,70881.7587420832,5699,9690366.661301937,45.41350185069042
27639.689683337936,58142.56682851759,8906.437318557437,10136506.785145799,45.179489396321785
6468.129373936365,76459.00716271461,1407.097188811201,12092700.654001778,44.11416457412199
6704.210064222184,76427.5721724177,3416.3460700094774,12586991.518383252,44.39462163287073
39907.982964827395,55915.19623659677,4216.814320167265,12699259.123817403,43.03159525246746
25810.919649828535,63837.17910748096,9437.928149239757,13504758.178032126,44.50548847081189
10178.56886104153,76862.40879832806,1988.401810529991,13644640.50641791,43.46867957903254
44164.97233602579,56936.52784267602,3771.4771874679063,16147184.414641142,42.260395576532254
44164.97233602579,56979,4178.864469211263,16438772.942322303,42.332055271677675
44164.97233602579,61390.62951933734,1999.2306611527729,18781151.21691239,41.20984382641403
35920.983211923885,63676,9312.21577206861,20083752.829363197,43.23084424088756
6289.882391508108,87390.78785118257,2144.7404162017183,21819006.704690102,42.60705489145969
26634.63363133832,75954.51401586273,6294.165574733634,22914248.123055886,41.91958980471765
26625.592089294078,79093.53907072097,1203.558211476258,22953026.10112784,40.53412544209618
8600.026831870451,90217,1473.9005023701884,25485176.866087623,41.776166824072305
7200.314347261459,90113.15987404683,4905,26153855.179535586,42.588655362252396
52758.47164539541,61500,1988.401810529991,26954767.770462897,40.37429814381864
37872.64034461172,75862.67139969979,2567.405261541012,28376228.173612647,39.98964984092393
65890.18149687992,45988.40679462031,3285.791716676724,28958194.390428122,41.88351786106257
7055,51440.92020851674,19197,3912597.817697793,52.30430084523165
42433.74026582386,32509.347454968476,9293.620373649448,4177756.0567315756,48.41005805405209
4863.767926817709,62182.096609544744,7705,4202730.187297582,48.264872492253275
6901,63148.14942199649,8763.010515947524,5358493.862371212,47.80552363651426
10932,61041.557671138995,9270,5517230.023817442,47.545912454642796
10932,63190.00818708018,9270,6655115.2917651655,47.087371906259456
30267.48234584347,56979,2613.5761584170723,7727684.361746109,43.83388689714564
7055,62719.35801876361,17426.613513873355,8493751.07418586,49.42974343569431
6901,73706.45416367805,1909.878311981812,10304006.107310947,44.599273439765106
6859.131187289566,74052.58105660156,5724.993606144698,11459239.492923345,45.163208201492296
7616.498932559625,75594,1888.7662221316714,11866383.126351235,44.12744099831693
7232.5946873950015,75345.61756957695,4003.417114138909,12071698.20176435,44.58111707646866
5812.551247345917,76709.82277607484,5699,13153255.884523323,44.885727644362845
8590,76176.95833453405,5493.034865303615,13594637.647252576,44.444558997382856
39765.51633713511,52573.28654257042,9270,13632725.852766141,44.664273935469
6704.210064222184,78994.07979454158,3563.672571154004,14674303.340810493,43.994885129294474
8590,78397.33708506734,4679.3116508260255,15151721.830436714,43.94417742558433
45359.52846430193,40187.02499303351,16481.907861835687,16666649.16681968,47.98485820937975
41306.47958782128,51735.76356920671,12547.754301802757,17367814.022369932,45.35224568591872
44164.97233602579,60155.65319132937,4254,19132458.765812375,41.83309122501845
44164.97233602579,56923.076398448444,8543.40483289052,19841608.296918903,43.237495192823424
7837.189351959132,85032,5699,21406445.499801658,43.26697250991685
55632.34740698039,53263,1612,22354304.011551205,41.2797378187086
44976.314149131664,61869.86974285419,5962.295304470525,22792280.232418224,41.84521601374093
11046.737402660337,75594,19434.189518484112,23406886.906456776,46.88374720753043
44164.97233602579,56979,12075.25326674425,23889753.931744024,44.04664385707935
65362.448295557864,48605.134788663665,8738.22865424273,35020473.54775623,42.60419362217277
39522.111486621645,76537.85284655374,7180.171538510345,35158828.66305186,40.76730445213945
63141.03124143336,57243.04933798976,2823.2812442385352,35641073.22330053,40.35539846902702
70543,48010.946042484095,1612,35759934.54224114,40.95264178643289
70360.31864930381,49151.6835923686,2549.330492096751,37081049.76677184,40.96419307577714
27195,88844.70538722341,4905,37141983.23251614,40.16513611240554
70543,53263,1425.18453449029,40484868.81917162,40.1814502982535
8590,58179.83478342822,5697.730097421472,2911532.910402368,48.08588322399555
27696.66028614159,47080.66177514686,11901.983073619598,5781106.538095907,48.10653616570536
10932,63676,9293.620373649448,6939501.168358838,46.99093538676768
35204.835761731505,41581.84235543305,13439.776005618665,7544883.9263704475,48.42412492679404
7085,44091,33816.74323068421,14807765.462980773,56.880091452963974
44164.97233602579,56923.076398448444,3771.4771874679063,16136534.623705707,42.262630974786774
7085,39969.8223358036,36657.12812665713,16553844.055790495,58.361579978700604
41690.74793713666,51037,12302,16835037.711765457,45.378108263359756
45359.52846430193,40187.02499303351,17713,18444016.06622398,48.291903405428364
6996.040553481295,44091,36657.12812665713,18566438.814923048,57.45720058943329
35075.37315035156,57281.905143070515,15211.269570021108,20155639.2805368,45.72100523992415
62074.45280939098,24454.01555482667,17713,21542279.114697278,48.897428187204476
54470,51037,7231.660816805772,23160671.215418875,42.844278630222036
66665.39183358224,37165.824531653445,3097,23330474.066379074,43.26000599129433
66850.12482482304,38485,374.2261470906783,23578093.46988633,42.58159826051714
52247.966758840164,51037,12302,26471351.02612522,44.22195437664205
37570.31266914756,75862.67139969979,1972.4479121847253,27687525.982839722,39.90065486882027
70543,40083.80176579622,1612,29417172.37315448,42.19412313722706
39522.111486621645,76537.85284655374,1498.625307338276,29701838.146025795,39.55160702799474
54470,52025.87864011094,12310.295080211356,29820167.595602054,43.85776454128782
6745.743350983937,87390.78785118257,16178.459984651767,30307520.800323844,45.17405610118922
70543,40328.95210856373,4672.809209628009,30881673.357806064,42.66529959622899
42653.85144763668,39867.68314511134,27804,31390877.360119008,51.13767565693189
7085,61226.031417100625,37289.12123726006,31446527.27778265,53.948839126266506
71459.31068187594,38485,6845.44035906309,31861171.52792369,43.27982196247408
11822.793963640803,88051,13687,32429485.3728914,43.891949698346856
38643.859199501574,76537.85284655374,7920.781349814513,35180876.021481484,41.00923343015392
65016.38012827433,57207.320336029006,1988.401810529991,37460963.17315301,40.08795461827305
65362.448295557864,56979,4048.065841510617,39162060.18393118,40.4875588858963
79155.49339982794,40170.556911444495,1612,40705363.00089685,41.592950554716595
70543,53721.29727386072,1497.5990165295027,40975776.44344995,40.13424512333694
70543,53721.29727386072,1513.424206018914,40985476.101798244,40.13706272610824
70912.34564780747,53263,1612,41094884.07858572,40.194394756919735
70543,53721.29727386072,2272.776422079436,41464500.80925793,40.273215606750995
81320,32794.071786415676,12006,44376038.050997816,44.40949402756652
68173.76641908669,61500,1110.0337010763221,45449755.6845309,39.21918427237282
72068.41745214356,57281.905143070515,1612,46691763.023920104,39.62335986345646
22794.374720187163,97844.63043401692,6294.165574733634,46771528.530170016,40.13144243677922
37399.07227802239,75585.49092781017,18929.221636120896,49264810.42048997,43.94886673375563
66844.41969448166,53386.364062786495,14146,49352116.404875726,43.14604068558413
44976.314149131664,84151.3452405365,5962.295304470525,49518633.46450634,39.39463598965117
68424.85956742516,53635.55033495104,12859.611779637919,49765133.42331542,42.689691366815126
70446.59312689345,53721.29727386072,11972.62946666772,51313510.05914903,42.3368313748748
62484.101560506904,60040.0347991661,14146,51542832.27448205,42.639241068062354
8416.040073309458,47213,12006,1111503.5896029558,51.8669306785036
8590,57402.51880150728,8371.256518451939,3094984.4792915983,48.69852274817213
6812.0277176128,62366,15845,7329609.282068709,49.25348243546108
45344.03349578084,39296.79400265705,12227.047771049896,11083485.902535127,47.174359960672426
6704.210064222184,78994.07979454158,3544.685217329392,14669231.670420034,43.99174843226426
44164.97233602579,56923.076398448444,4254,16443434.848759448,42.356005432924114
41324.033173227945,51735.76356920671,12547.754301802757,17382066.698345214,45.35024562226388
7085,44091,36657.12812665713,18616262.536165923,57.442653173315534
7085,44091,37289.12123726006,19495059.615049686,57.568204132114786
66850.12482482304,38485,3097,24393970.311120566,43.01551946099301
27310.695361183247,79093.53907072097,4872.384611812646,25661706.954977196,41.16052959258214
16459.945094811592,40019.07434204152,39271.362222992495,25933398.35101023,57.328686102026225
53864.65882273298,50485.36233964775,12302,27655104.893033482,44.151279044925005
5812.551247345917,87390.78785118257,13854.417577851742,27711407.504937556,44.82858122880069
54255.40402732523,51037,12302,28604913.416111577,44.02716037592329
54197.570487428915,51191.14019707258,12302,28693141.331082307,44.00878185486559
38643.859199501574,76537.85284655374,1498.625307338276,28953553.19142745,39.629077587586664
36530,75954.51401586273,6294.165574733634,30687674.72793761,40.88632977871475
43852,39296.79400265705,27642.76741824895,31848906.04270659,51.05997743797763
36530,76508,15348.766125039394,43423598.43406843,42.99252128879909
20046.85454802376,46600.04178280887,45144,43873905.11414598,56.611062962877085
22325,94987.74124651434,8271,44459007.89976246,40.8203305882831
70543,57281.905143070515,1612,44585102.95124576,39.69670874389043
42762,32629,38747.662565661034,44726379.99249367,54.860660134022694
5121.9777409151575,75110.43406590367,38806,47078091.848207116,52.103423848878016
30371.24447563177,88051,13687,50001952.896217555,41.95660042562844
30157,89328.98789527905,13687,51635469.35890677,41.8688378474509
9028.95401962725,75748.1437230965,38806,51876215.3174103,51.527860265583676
47357,39601.32237300581,36930.878112195816,52946977.0233532,52.73525255389548
70562.06664552834,53386.364062786495,14146,54406583.2850229,42.90717496795834
44976.314149131664,87703,5962.295304470525,54599988.21408103,39.12564161942944
15098.721752524723,82893,31392.780741622475,54795852.92367506,48.205337630961445
8224.278139793096,45402.596329607855,57662.57010534642,55771161.61972254,60.84066152592732
39649,36154,45303.53075033037,56934541.23151667,55.95741514798342
80877.80631081742,47470.12556654504,12006,58961738.17687767,42.517336425870276
41571,56228,35354.29116826746,61040216.62730277,50.21231663978769
54470,78799.32072893121,12302,63371298.59212724,40.82582519979254
49779,30018.919916517392,47310.3238477147,66403157.41301718,56.1661472991029
46704.82342698407,99709.05820773682,1366.2196407460597,68726525.2427025,37.297012689585436
55584.19813375509,49785,38826.86994552358,78655836.9379668,50.71241435606589
70868,79416.98324097956,6813.713932111699,78717599.9449105,38.75394002307946
50614.288767574704,49834.97020147706,43664.677143235385,81951719.26988438,52.17397570239148
22325,98124,29341.41620831348,85028688.87190402,45.679065726652716
53685.7310545682,49785,43664.677143235385,86021105.44211304,51.90799619015962
54105.58597277077,49785,43425.750072796,86095090.90131845,51.821446179802756
10518.76695245799,85716.68889530997,47806,87445331.08544753,52.0787924990177
10333.806387139637,85392.25866290601,49306.812415344786,90002310.91125226,52.451596948191415
76646,76578.61742289228,11333,90358380.44309124,39.82889282206214
8590,58179.83478342822,5699,2911713.947873813,48.08608490855172
37791,40608,1111,2988867.358789381,45.98156990386424
7085,44091,26326,6263104.706184032,55.38147004642948
10932,63676,9270,6931523.59943995,46.98687669527836
6901,74052.58105660156,1908,10550675.916006174,44.53686955430175
44164.97233602579,56979,4254,16487827.554800997,42.34671056656333
42762,32629,21950,17099582.0772693,51.07514878109514
6901,82893,1908,17673516.796048786,43.091510539488425
7055,75594,19197,20458240.15983345,47.429278032725136
8590,85032,5699,21737405.84509456,43.145559898663436
5812.551247345917,87390.78785118257,5699,22959646.942749586,43.28439134595303
66812,38485,3097,24349611.466923866,43.01896468463134
54470,51037,12302,28837759.342742477,44.006701830898045
70543,39918.16558268297,1612,29295912.404760767,42.22104377413439
43852,39296.79400265705,27804,32120747.48478473,51.09891606509046
43852,39991,27804,32667755.50115374,50.97016087067796
27195,90217,4905,38899866.05711969,40.040096729781354
27639.689683337936,89965.39206320158,4905,38934695.24683521,40.01750690789998
70543,53263,1612,40596226.65831591,40.21440745335763
70543,53721.29727386072,1612,41045779.89193978,40.15460141284121
64955,61500,1988.401810529991,41786756.00039997,39.551607755339
61291,26246,29540,41963303.93113296,51.60235099182214
76325.13469321202,44800.804738907056,4254,42065667.03881532,41.5300605059632
64955,61500,2816,42410285.0160884,39.709756652805844
19064,47715,45144,43846322.75317842,56.535362768345884
14733,64197,39043,44278231.55070663,52.71452758509655
34698,36917,41606,45133287.62462558,55.70231544890894
56271,28043,34903.56504894301,48201073.36461054,53.170905100401555
22325,98124,8271,48896321.38310479,40.57522943673465
30157,88051,13687,49763035.09553139,41.97266750250142
47357,39601.32237300581,36877,52842550.90499379,52.723339489511275
76938,56979,4254,55218602.93455193,39.931296888444884
35204.835761731505,88051,13687,55493353.0861228,41.60822141888562
9344,44519,58414,57466423.04730074,60.9865125224535
81320,47213,12006,59288399.63403992,42.5236226563147
92940,32752,10909,59424341.2147946,43.434846098356616
41571,56228,35211,60750586.971574455,50.17902677147955
39649,36154,49706,65473565.54926245,56.802708593233454
6704.210064222184,80360.91727383334,43958.56248032318,65933416.133725286,52.28983683577537
83338,27184,30094,72208425.84414347,49.39668549345331
59884,48164,33871,72286739.08037849,49.45274989395578
77804.85387758541,39991,27804,74559155.65932561,47.6538377765298
76646,72631,11333,84405992.02486329,40.0981486385558
53358.05909409208,49785,43664.677143235385,85575802.82141486,51.93645654734968
10333.806387139637,85392.25866290601,47806,86660178.21700454,52.13347030903833
70788,89027,2254,86963032.19234765,37.21180241004351
89538,45846,22097,87383919.76267469,44.75700809770913
49159,79779,27922,89589667.71082835,45.108913978652595
54105.58597277077,49785,45472,90408263.59682956,52.249720341839144
54255,49785,45472,90613821.83531447,52.23713409525861
12070,86576,47806,91009140.21342562,51.83128524566864
68658,27233,51093,94286369.63581413,55.196622165315645
47671,97356,17713,94651269.64274235,41.408042537051756
62249,90158,14146,96022561.00580835,40.254647806569444
26956,45348,67932.51116626892,97417280.47157294,60.06438579407481
88386.62190407218,45846,27957.441088084117,97908879.25332762,46.291041107759256
38146,38973,64937,98188015.87820475,59.252054750124735
62484.101560506904,91440.04185633997,14146,98548965.49417937,40.18646035456875
76540,24266,50290,99869818.72342461,54.63335570454057
10009,34617,17434,100000000.0,55.553897642488714
8723,26443,3335,100000000.0,55.59654174513778
71261,48401,39763,100679730.099559,49.81489091521233
47357,76251,36877,101279972.8931731,47.68253075876667
26956,45348,70544,103170055.35263474,60.498288878102386
56247.169520298936,27104.504062805707,62944,103226743.61728308,58.68706850397226
33915.55336529123,77837,45361,103384860.39687677,50.34034015076195
26956,45852.65297972747,70544,103771614.23880346,60.41385819015686
56271,28043,62944,104280276.16714056,58.55409238201799
87413,79393,7705,105163133.3449089,38.51911497146783
56271,28855.84322816171,62944,105212133.02117062,58.44073815061451
17693,50487,75154,107271509.70908064,61.580946910213505
17693,50487,75214.96441552824,107406622.44994862,61.5907172754695
25450,46649.68323350592,74494.1822439016,111602675.35005033,61.11654424717955
99562,62366,15845,112751862.27706568,41.21610826344547
25636,56969,69124,113160149.84451656,58.474712626879985
45609,74184,45002,113840681.89136472,49.812861586706255
76540,35906.668788930314,50290,113967825.59126885,53.14915920263184
54679,51478.62584870645,55327,115131661.82448554,53.930297756598584
54679,51908,55327,115769379.29417995,53.873237813297976
48260,89825,33461,117803146.2782643,45.74329164156955
17711.390750296905,47885,82490,120793158.43417479,63.1531085386412
17821,47885,82490,120930917.02192634,63.13933022238468
98913.0173116306,79393,7705,123153430.46163402,38.28453537236295
89851,94482,1206,123458529.18282425,36.44415133515954
48321,64119.17103401394,55326,125188831.31499386,52.83434906973326
36530,76508,54304,125595253.32731768,52.13324659362125
29122.621037717487,23794,91204,128229317.91106868,66.69835487651014
51479,77837,45361,129398005.18449733,49.15475479775577
77178,54068,45311,129468039.97514808,49.89708595634282
26170,91798,51544,129770767.71730146,50.87776602151958
26170,91798,51919.87732516003,130651152.8534118,50.9542048769326
60637,94913,28914,135013586.4228785,43.80437708205989
10347.137251315802,63013.933108212324,84961,137406472.38678154,61.84328583307125
81456.83934412335,64313.74007626402,38997.3088533102,137914216.52471212,47.279773402830855
24197.678497643792,33137.1612160933,94483.3057258155,139091385.86772373,66.35781116323346
98102.97502652982,64504.24446864769,28914,141623713.5196025,44.2574114881048
91843,46194,48119,146377421.6272515,50.38062079760338
4921,94097,70793,147216383.2650855,56.084733094329486
78292,50451,55848,149480783.31969157,52.296025521117826
44976.314149131664,87703,51074.385525555306,150123161.57273334,49.88759956241769
