Date time,Wind (MW),PV (MW),CSP (new) (MW),Other renewables (MW),Hydraulic (MW),Pumped hydropower (MW),Cogeneration (MW),Combined cycle (MW),Fuel & Gas (MW),Nuclear (MW),No renewable residues (MW),Renewable residues (MW),Import (MW),Export (MW),Demand (MW)
01-02-2050 00:00:00,37839.69317272808,0.971433674833327,0.0,384.848,3374.813,0.0,0.0,0,0.0,0.0,0.0,0.0,0,-10373.08571902167,31333.57449728111
01-02-2050 01:00:00,38387.637976899896,12.680678862556466,0.0,375.63699999999994,2974.361,0.0,0.0,0,0.0,0.0,0.0,0.0,0,-12200.0,28894.58115979976
01-02-2050 02:00:00,37762.35163524914,5.377579271398775,0.0,374.055,2284.2929999999997,0.0,0.0,0,0.0,0.0,0.0,0.0,0,-12200.0,27449.41113792604
01-02-2050 03:00:00,36381.12095697198,12.455167473755873,0.0,373.384,2157.62,0.0,0.0,0,0.0,0.0,0.0,0.0,0,-12064.075537024113,26952.67147400638
01-02-2050 04:00:00,35411.14198779948,0.9887807047410652,0.0,372.082,2055.842,0.0,0.0,0,0.0,0.0,0.0,0.0,0,-10915.350493543152,27015.701012337675
01-02-2050 05:00:00,32504.113716631797,14.762322451485025,0.0,380.04,2464.925,0.0,0.0,0,0.0,0.0,0.0,0.0,0,-7396.692493094215,28050.782323561685
01-02-2050 06:00:00,28051.529626796186,3.018383203946409,0.0,385.095,3208.877,0.0,0.0,0,0.0,0.0,0.0,0.0,0,-254.22307753260975,31489.29866835276
01-02-2050 07:00:00,25931.684702919858,64.82585076521686,0.0,388.63300000000004,4202.759,6759.571989268417,0.0,0,0.0,0.0,0.0,0.0,0,0.0,37464.765087872176
01-02-2050 08:00:00,24475.566248665946,1634.0555232491024,0.0,389.66,5921.325,8663.705266210756,0.0,0,0.0,0.0,0.0,0.0,0,0.0,41213.0643368972
01-02-2050 09:00:00,19345.3772624269,16126.28668613863,0.0,391.13300000000004,6383.126,0.0,0.0,0,0.0,0.0,0.0,0.0,0,0.0,42384.24750889505
01-02-2050 10:00:00,11876.722983368749,23311.684193836623,0.0,393.458,6804.935,0.0,0.0,0,0.0,0.0,0.0,0.0,0,0.0,42682.6744724969
01-02-2050 11:00:00,15434.050833632426,39293.29721770725,0.0,396.82199999999995,7004.338000000001,0.0,0.0,0,0.0,0.0,0.0,0.0,0,-12200.0,42324.8067384751
01-02-2050 12:00:00,16285.249108127464,48034.02922943617,0.0,399.444,6904.647,0.0,0.0,0,0.0,0.0,0.0,0.0,0,-12200.0,41974.594410769365
01-02-2050 13:00:00,16876.285708005038,51451.20892143951,0.0,398.805,6155.284000000001,0.0,0.0,0,0.0,0.0,0.0,0.0,0,-12200.0,41731.720089482704
01-02-2050 14:00:00,14823.357039771097,50755.57418103582,0.0,402.702,5347.729,0.0,0.0,0,0.0,0.0,0.0,0.0,0,-12200.0,40229.5886946742
01-02-2050 15:00:00,11695.6494672908,46249.0530172396,0.0,402.412,5642.156,0.0,0.0,0,0.0,0.0,0.0,0.0,0,-12200.0,39321.06289251785
01-02-2050 16:00:00,10566.985556698437,35649.53216927112,0.0,400.089,5552.93,0.0,0.0,0,0.0,0.0,0.0,0.0,0,-12200.0,38940.95403890792
01-02-2050 17:00:00,10228.668192422969,16174.474768154345,0.0,403.61400000000003,5828.816,4786.805206988722,0.0,0,0.0,0.0,0.0,0.0,0,0.0,38909.35297659948
01-02-2050 18:00:00,8968.184362792746,1195.1930136132394,2001.0878233830226,408.615,7047.298000000001,10000.0,0.0,0,0.0,0.0,0.0,0.0,0,0.0,40428.37887055103
01-02-2050 19:00:00,8346.671560371196,4.423492626473186,6604.512854184159,408.588,7936.508000000001,10000.0,0.0,0,0.0,0.0,0.0,0.0,0,0.0,43725.315615938314
01-02-2050 20:00:00,7106.05487021432,14.53681106268443,13787.692192255636,407.96,7782.559,4893.194669347147,0.0,0,0.0,0.0,0.0,0.0,0,0.0,44351.35874172931
01-02-2050 21:00:00,5665.133079885196,2.7928718151458156,29470.620384370664,408.99699999999996,7818.155,0.0,0.0,0,0.0,0.0,0.0,0.0,0,0.0,43644.54167986761
01-02-2050 22:00:00,5969.8159408764495,9.766377838056485,26606.485735682894,406.289,7055.596,0.0,0.0,0,0.0,0.0,0.0,0.0,0,0.0,40263.385591646176
01-02-2050 23:00:00,6246.277341248522,6.088807497616033,23308.57145293119,405.397,6164.764,0.0,0.0,0,0.0,0.0,0.0,0.0,0,0.0,36283.402484498154
02-02-2050 00:00:00,7302.656904725299,1.0234747645565412,21532.822522346334,405.88800000000003,4097.972,0.0,0.0,0,0.0,0.0,0.0,0.0,0,0.0,33446.16451578406
02-02-2050 01:00:00,8164.683181177438,10.703117453074338,18638.225715872908,406.36,3789.179,0.0,0.0,0,0.0,0.0,0.0,0.0,0,0.0,31106.02441639249
02-02-2050 02:00:00,7589.881540929432,5.6204376901071065,18253.228705858208,405.348,3268.137,0.0,0.0,0,0.0,0.0,0.0,0.0,0,0.0,29614.54795384782
02-02-2050 03:00:00,7964.916242796793,10.789852602613026,17450.670507170915,405.64099999999996,3132.76,0.0,0.0,0,0.0,0.0,0.0,0.0,0,0.0,29054.985697165877
02-02-2050 04:00:00,8621.941316776149,0.8153104056636853,16741.661605613805,408.102,2998.038,0.0,0.0,0,0.0,0.0,0.0,0.0,0,0.0,28860.65472438002
02-02-2050 05:00:00,8385.1693485348,12.004144696154686,17392.089791044265,408.31199999999995,3187.991,0.0,0.0,0,0.0,0.0,0.0,0.0,0,0.0,29478.10250024
02-02-2050 06:00:00,8404.242058696731,2.9143010244999816,19675.614653217104,406.76,3842.2929999999997,0.0,0.0,0,0.0,0.0,0.0,0.0,0,0.0,32434.716072593186
02-02-2050 07:00:00,8410.597493188041,63.92380521001447,22794.645535739724,396.899,6138.481,0.0,0.0,0,0.0,0.0,0.0,0.0,0,0.0,37925.89510641958
02-02-2050 08:00:00,8363.412236102848,1632.494290557406,24086.687200564207,399.98699999999997,6957.8330000000005,0.0,0.0,0,0.0,0.0,0.0,0.0,0,0.0,41572.10068148907
02-02-2050 09:00:00,7675.442859106319,13949.700835457037,12986.043266172543,401.38599999999997,7398.715999999999,0.0,0.0,0,0.0,0.0,0.0,0.0,0,0.0,42555.13439223934
02-02-2050 10:00:00,6050.655530000819,26337.40570990172,2480.2245875311373,403.845,7358.078,0.0,0.0,0,0.0,0.0,0.0,0.0,0,0.0,42872.61298608718
02-02-2050 11:00:00,4712.171111011537,29936.1269805497,0.0,419.477,7078.387,0.0,0.0,0,0.0,0.0,0.0,0.0,0,0.0,42472.16383163651
02-02-2050 12:00:00,4584.203321633144,29766.248254442944,0.0,423.434,6862.499,0.0,0.0,0,0.0,0.0,0.0,0.0,0,0.0,42027.850115242334
02-02-2050 13:00:00,5597.312756890948,28903.38835646293,0.0,425.532,6255.265,0.0,0.0,0,0.0,0.0,0.0,0.0,0,0.0,41773.91131483104
02-02-2050 14:00:00,7173.393879442176,26459.885750298687,0.0,427.671,5673.039000000001,0.0,0.0,0,0.0,0.0,0.0,0.0,0,0.0,40380.40383249635
02-02-2050 15:00:00,9735.338108786282,23152.623599949104,0.0,424.51,5595.396,0.0,0.0,0,0.0,0.0,0.0,0.0,0,0.0,39522.670134699445
02-02-2050 16:00:00,13095.892629243599,19140.236849802677,0.0,422.721,5945.932,0.0,0.0,0,0.0,0.0,0.0,0.0,0,0.0,39165.46194094529
02-02-2050 17:00:00,15897.068683185753,9706.530584874788,0.0,424.514,6334.911,6589.857547873151,0.0,0,0.0,0.0,0.0,0.0,0,0.0,39413.400899592525
02-02-2050 18:00:00,18853.633465932882,738.5151042621292,0.0,426.408,6437.25,10000.0,0.0,0,0.0,0.0,0.0,0.0,0,0.0,40923.56565283451
02-02-2050 19:00:00,22541.886864556298,3.9204287591487845,0.0,419.477,6900.349,10000.0,0.0,0,0.0,0.0,0.0,0.0,0,0.0,44058.57696889723
02-02-2050 20:00:00,25507.28006336092,11.969450636339209,4303.540128783905,417.298,6703.722,3090.142452126849,0.0,0,0.0,0.0,0.0,0.0,0,0.0,44482.50812648145
02-02-2050 21:00:00,27566.92134014565,2.515319336622008,9398.70931069566,415.44800000000004,6321.215,0.0,0.0,0,0.0,0.0,0.0,0.0,0,0.0,43865.60930928737
02-02-2050 22:00:00,28241.78263350385,9.263313970732085,6536.348682376814,413.292,5148.997,0.0,0.0,0,0.0,0.0,0.0,0.0,0,0.0,40476.149332642395
02-02-2050 23:00:00,29170.073283891106,4.9785975835208,2651.816787053467,400.88199999999995,4072.683,0.0,0.0,0,0.0,0.0,0.0,0.0,0,0.0,36408.93985296102
03-02-2050 00:00:00,30017.75304427985,1.1499663032779333,0.0,396.035,3079.3559999999998,0.0,0.0,0,0.0,0.0,0.0,0.0,0,0.0,33589.71444237064
03-02-2050 01:00:00,28239.372255366798,9.492795976507487,0.0,390.56699999999995,2440.514,0.0,0.0,0,0.0,0.0,0.0,0.0,0,0.0,31166.64525047689
03-02-2050 02:00:00,27187.496384337042,1.7407689903995602,0.0,382.897,2027.869,0.0,0.0,0,0.0,0.0,0.0,0.0,0,0.0,29682.2116511614
03-02-2050 03:00:00,26690.068935238676,7.724753523068145,0.0,382.98400000000004,1886.5439999999999,0.0,0.0,0,0.0,0.0,0.0,0.0,0,0.0,29047.77182738826
03-02-2050 04:00:00,26554.783564970985,0.5677184161527712,0.0,386.721,1891.5510000000002,0.0,0.0,0,0.0,0.0,0.0,0.0,0,0.0,28914.389879083465
03-02-2050 05:00:00,27339.16464535283,6.965765704719427,0.0,387.325,1858.745,0.0,0.0,0,0.0,0.0,0.0,0.0,0,0.0,29676.200356302914
03-02-2050 06:00:00,29786.323775367062,0.8839663675374169,0.0,390.548,2346.723,0.0,0.0,0,0.0,0.0,0.0,0.0,0,0.0,32621.746684991467
03-02-2050 07:00:00,39858.71817330772,48.59304055961897,0.0,400.70599999999996,3542.138,0.0,0.0,0,0.0,0.0,0.0,0.0,0,-5716.281878234482,38253.549577235026
03-02-2050 08:00:00,48770.37073510371,1053.868847257074,0.0,413.108,4964.254,0.0,0.0,0,0.0,0.0,0.0,0.0,0,-12200.0,41828.49597319658
03-02-2050 09:00:00,47488.05613023623,10492.11514382283,0.0,415.19800000000004,5209.085,0.0,0.0,0,0.0,0.0,0.0,0.0,0,-12200.0,42747.54558943179
03-02-2050 10:00:00,48473.89788349754,23654.047620212656,0.0,411.74,5081.674,0.0,0.0,0,0.0,0.0,0.0,0.0,0,-12200.0,43046.09379786133
03-02-2050 11:00:00,52157.26486625786,34155.1800495626,0.0,403.531,4858.14,0.0,0.0,0,0.0,0.0,0.0,0.0,0,-12200.0,42878.95918522527
03-02-2050 12:00:00,54504.05176089845,40260.02733227769,0.0,401.27,5230.665,0.0,0.0,0,0.0,0.0,0.0,0.0,0,-12200.0,42382.97937488343
03-02-2050 13:00:00,56177.293520658626,42622.1555268955,0.0,398.69599999999997,4321.406,0.0,0.0,0,0.0,0.0,0.0,0.0,0,-12200.0,42252.12856045603
03-02-2050 14:00:00,57704.705624559836,41037.53905838586,0.0,400.184,3685.805,0.0,0.0,0,0.0,0.0,0.0,0.0,0,-12200.0,40842.81975709852
03-02-2050 15:00:00,59347.482934607906,35111.498743147815,0.0,401.376,3375.3190000000004,0.0,0.0,0,0.0,0.0,0.0,0.0,0,-12200.0,39982.28400049993
03-02-2050 16:00:00,60796.099157264485,24838.951919440533,0.0,397.342,3701.1490000000003,0.0,0.0,0,0.0,0.0,0.0,0.0,0,-12200.0,39631.89434729705
03-02-2050 17:00:00,60595.10213479078,10633.816068592903,0.0,406.29900000000004,3965.762,0.0,0.0,0,0.0,0.0,0.0,0.0,0,-12200.0,39753.993417813785
03-02-2050 18:00:00,59266.034710171254,874.515818738795,0.0,420.85900000000004,5341.706999999999,0.0,0.0,0,0.0,0.0,0.0,0.0,0,-12200.0,41124.25506772152
03-02-2050 19:00:00,58979.22650868681,3.313282712377955,0.0,416.56199999999995,5831.161999999999,0.0,0.0,0,0.0,0.0,0.0,0.0,0,-12200.0,44327.493257398215
03-02-2050 20:00:00,57973.97231541231,10.217400615657672,0.0,420.311,5784.015,0.0,0.0,0,0.0,0.0,0.0,0.0,0,-12200.0,44955.01896652138
03-02-2050 21:00:00,56538.69481720703,2.1163376487440337,0.0,414.026,5488.880999999999,0.0,0.0,0,0.0,0.0,0.0,0.0,0,-12200.0,43979.654089853124
03-02-2050 22:00:00,53129.3309537059,7.996980787467211,0.0,406.535,4036.228,0.0,0.0,0,0.0,0.0,0.0,0.0,0,-12200.0,40468.78973211106
03-02-2050 23:00:00,50661.775852262064,5.793907989184486,0.0,396.43800000000005,3229.929,0.0,0.0,0,0.0,0.0,0.0,0.0,0,-12200.0,36725.81419734211
04-02-2050 00:00:00,46841.557494311994,0.8846985252946371,0.0,384.775,2953.406,0.0,0.0,0,0.0,0.0,0.0,0.0,0,-12200.0,33772.10378696936
04-02-2050 01:00:00,45971.10001645807,13.495989268220153,0.0,385.68800000000005,2623.579,0.0,0.0,0,0.0,0.0,0.0,0.0,0,-12200.0,31409.018400147037
04-02-2050 02:00:00,47630.502680802034,5.759213929369011,0.0,382.116,2072.212,0.0,0.0,0,0.0,0.0,0.0,0.0,0,-12200.0,29904.559657555834
04-02-2050 03:00:00,50239.95951465321,13.149048670065392,0.0,382.43300000000005,1847.065,0.0,0.0,0,0.0,0.0,0.0,0.0,0,-12200.0,29232.08173744898
04-02-2050 04:00:00,53138.83847869089,0.8326574355714232,0.0,388.616,1594.4289999999999,0.0,0.0,0,0.0,0.0,0.0,0.0,0,-12200.0,28975.049021794177
04-02-2050 05:00:00,56155.376267761785,15.785797216041566,0.0,390.121,1621.726,0.0,0.0,0,0.0,0.0,0.0,0.0,0,-12200.0,29770.806471016538
04-02-2050 06:00:00,58225.36434565889,3.1398124133005756,0.0,397.523,2372.619,0.0,0.0,0,0.0,0.0,0.0,0.0,0,-12200.0,32726.31501722073
04-02-2050 07:00:00,57663.6900091132,68.36464486639541,0.0,408.006,3366.343,0.0,0.0,0,0.0,0.0,0.0,0.0,0,-12200.0,38294.66539650624
04-02-2050 08:00:00,54202.21414545851,2266.840480223569,0.0,423.875,4799.581,0.0,0.0,0,0.0,0.0,0.0,0.0,0,-12200.0,41854.766212431605
04-02-2050 09:00:00,49343.74715105828,21571.552101169415,0.0,423.467,5525.126,0.0,0.0,0,0.0,0.0,0.0,0.0,0,-12200.0,42877.67288423622
04-02-2050 10:00:00,44816.46748588577,40884.45152023172,0.0,422.68,5836.283,0.0,0.0,0,0.0,0.0,0.0,0.0,0,-12200.0,43299.52708237882
04-02-2050 11:00:00,41210.95005603333,49949.33281584918,0.0,425.80400000000003,5878.173000000001,0.0,0.0,0,0.0,0.0,0.0,0.0,0,-12200.0,42746.199258430366
04-02-2050 12:00:00,36678.00047198499,53694.452490750366,0.0,423.22,5784.941,0.0,0.0,0,0.0,0.0,0.0,0.0,0,-12200.0,42410.790252791536
04-02-2050 13:00:00,33377.345290387675,54076.9718472459,0.0,426.95,5331.585999999999,0.0,0.0,0,0.0,0.0,0.0,0.0,0,-12200.0,42209.31886800642
04-02-2050 14:00:00,30097.56309827896,51493.04500733879,4292.35165296006,433.334,5330.53,0.0,0.0,0,0.0,0.0,0.0,0.0,0,-12200.0,40828.7711544636
04-02-2050 15:00:00,27801.22673350882,45350.0974293807,46577.99699273228,424.226,5588.465999999999,0.0,0.0,0,0.0,0.0,0.0,0.0,0,-12200.0,39903.07518902837
04-02-2050 16:00:00,25507.164742977006,34439.52684563973,45187.77049671183,426.76099999999997,5738.717,0.0,0.0,0,0.0,0.0,0.0,0.0,0,-12200.0,39688.54767148408
04-02-2050 17:00:00,24545.770735718157,16198.032034769049,34825.76521783264,430.84,6463.348000000001,0.0,0.0,0,0.0,0.0,0.0,0.0,0,-12200.0,39710.31644965895
04-02-2050 18:00:00,24983.86006083501,1139.0406778018914,14532.28032760974,427.352,7165.734,0.0,0.0,0,0.0,0.0,0.0,0.0,0,-7709.8571940673755,41111.87229793028
04-02-2050 19:00:00,25641.006861886275,6.331665916324364,3034.272375335684,425.6,7311.829000000001,7808.7953519111215,0.0,0,0.0,0.0,0.0,0.0,0,0.0,44473.92264990773
04-02-2050 20:00:00,25989.678042653082,14.762322451485025,973.9573148924392,422.236,7259.374,10000.0,0.0,0,0.0,0.0,0.0,0.0,0,0.0,45085.429429213196
04-02-2050 21:00:00,25854.599432960724,2.7581777553303395,504.33584538893774,422.30400000000003,7106.444,10000.0,0.0,0,0.0,0.0,0.0,0.0,0,0.0,44297.36135065601
04-02-2050 22:00:00,26259.95058242172,9.853112987595173,490.4837983123725,424.639,6464.045,1871.204648088882,0.0,0,0.0,0.0,0.0,0.0,0,0.0,41023.101732315154
04-02-2050 23:00:00,26012.51147866824,7.23371147152674,131.30796936887782,422.085,5185.322,0.0,0.0,0,0.0,0.0,0.0,0.0,0,0.0,37206.0629849651
05-02-2050 00:00:00,25934.98414723743,0.7459222860327333,0.0,420.338,3310.7209999999995,0.0,0.0,0,0.0,0.0,0.0,0.0,0,0.0,34196.65775593204
05-02-2050 01:00:00,26877.478424910205,11.553121918553497,0.0,413.486,2789.7659999999996,0.0,0.0,0,0.0,0.0,0.0,0.0,0,0.0,31594.84485788902
05-02-2050 02:00:00,26885.777375283455,5.803745364201003,0.0,406.217,2651.946,0.0,0.0,0,0.0,0.0,0.0,0.0,0,0.0,30033.937762008358
05-02-2050 03:00:00,26422.8114839936,9.808274329256456,0.0,400.30400000000003,2518.863,0.0,0.0,0,0.0,0.0,0.0,0.0,0,0.0,29433.982020875228
05-02-2050 04:00:00,26189.796405157464,0.855532118167193,0.0,397.519,2548.331,0.0,0.0,0,0.0,0.0,0.0,0.0,0,0.0,29218.839590638316
05-02-2050 05:00:00,26822.593549165875,11.012866259863378,0.0,405.671,2477.492,0.0,0.0,0,0.0,0.0,0.0,0.0,0,0.0,29802.40674345642
05-02-2050 06:00:00,29163.054403525366,2.1019332574441645,0.0,414.971,3135.6040000000003,0.0,0.0,0,0.0,0.0,0.0,0.0,0,0.0,32814.685514398036
05-02-2050 07:00:00,32986.81360233353,60.8656521815828,0.0,419.509,5219.138,0.0,0.0,0,0.0,0.0,0.0,0.0,0,0.0,38807.9686046323
05-02-2050 08:00:00,34061.393774331096,1473.023044615571,1.415537657449022,415.043,6174.303000000001,187.3473403488606,0.0,0,0.0,0.0,0.0,0.0,0,0.0,42444.98326885838
05-02-2050 09:00:00,26088.11696229495,10335.01861321254,133.56608896527905,415.4,6541.134,0.0,0.0,0,0.0,0.0,0.0,0.0,0,0.0,43656.12510265187
05-02-2050 10:00:00,19235.30683923407,17191.815312548326,587.8862704570638,415.608,6484.4490000000005,0.0,0.0,0,0.0,0.0,0.0,0.0,0,0.0,44073.55287724976
05-02-2050 11:00:00,25437.455071993238,31645.919094189772,7951.782790821046,406.65,6371.691999999999,0.0,0.0,0,0.0,0.0,0.0,0.0,0,-12200.0,43532.95299566379
05-02-2050 12:00:00,30330.93379956996,43695.44313336692,8972.082112356788,408.73900000000003,6265.401,0.0,0.0,0,0.0,0.0,0.0,0.0,0,-12200.0,42772.743187129796
05-02-2050 13:00:00,28497.74139832877,44995.921058814994,7618.625892152893,409.042,5867.363,0.0,0.0,0,0.0,0.0,0.0,0.0,0,-12200.0,42565.967834803116
05-02-2050 14:00:00,26941.32655750493,42073.036691076624,6865.559858380468,410.038,5576.35,0.0,0.0,0,0.0,0.0,0.0,0.0,0,-12200.0,40994.81930286239
05-02-2050 15:00:00,27243.84337831145,35412.884783102956,7243.27248998126,404.81,5606.831999999999,0.0,0.0,0,0.0,0.0,0.0,0.0,0,-12200.0,39853.73288845485
05-02-2050 16:00:00,25830.874795167245,24770.74275328297,8834.50533336203,404.71,5970.071999999999,0.0,0.0,0,0.0,0.0,0.0,0.0,0,-12200.0,39338.885487247084
05-02-2050 17:00:00,24240.248562087534,10726.171639665376,9426.907843011897,416.48900000000003,6455.768,0.0,0.0,0,0.0,0.0,0.0,0.0,0,-12200.0,39312.88696280492
05-02-2050 18:00:00,24172.030184825846,1036.1034023293744,4090.971236634883,424.645,7063.504,3523.5761572762785,0.0,0,0.0,0.0,0.0,0.0,0,0.0,40573.07173697861
05-02-2050 19:00:00,26150.36418426256,5.689825809738058,260.45892897387967,415.39300000000003,7385.15,9297.68356835386,0.0,0,0.0,0.0,0.0,0.0,0,0.0,43675.537702840695
05-02-2050 20:00:00,28880.247532360892,11.830674397077306,0.0,419.36699999999996,7052.698,7331.505415711468,0.0,0,0.0,0.0,0.0,0.0,0,0.0,43848.42808784832
05-02-2050 21:00:00,30787.30712785018,2.393890127267842,0.0,422.089,7312.102,4429.09307311524,0.0,0,0.0,0.0,0.0,0.0,0,0.0,43098.24171164521
05-02-2050 22:00:00,32947.09936404445,8.251538649045422,0.0,417.275,6847.225,0.0,0.0,0,0.0,0.0,0.0,0.0,0,0.0,40349.37345023984
05-02-2050 23:00:00,31798.15201930153,5.728390722631754,0.0,411.51599999999996,4620.392,0.0,0.0,0,0.0,0.0,0.0,0.0,0,0.0,36949.955205422215
06-02-2050 00:00:00,29611.663616674978,0.6668303882706077,0.0,411.028,4362.359,0.0,0.0,0,0.0,0.0,0.0,0.0,0,0.0,34486.946308578765
06-02-2050 01:00:00,27138.4513075425,8.05491559920989,0.0,409.207,4327.596,0.0,0.0,0,0.0,0.0,0.0,0.0,0,0.0,31974.984516373723
06-02-2050 02:00:00,29525.011656718616,3.6087877891714806,0.0,408.043,4068.509,0.0,0.0,0,0.0,0.0,0.0,0.0,0,-4048.941829992662,30042.180830550922
06-02-2050 03:00:00,40848.46632748642,9.160591532749384,0.0,396.745,3521.305,0.0,0.0,0,0.0,0.0,0.0,0.0,0,-12200.0,28919.06945550933
06-02-2050 04:00:00,42071.091439384414,0.9186217624959409,0.0,388.69599999999997,3285.7290000000003,0.0,0.0,0,0.0,0.0,0.0,0.0,0,-12200.0,28553.56290241173
06-02-2050 05:00:00,41991.18650752333,9.99140550180772,0.0,379.667,3301.437,0.0,0.0,0,0.0,0.0,0.0,0.0,0,-12200.0,28527.960497064432
06-02-2050 06:00:00,42265.136733868705,2.879598985176931,0.0,376.467,3526.1,0.0,0.0,0,0.0,0.0,0.0,0.0,0,-12200.0,29313.61236762315
06-02-2050 07:00:00,44536.64224416721,63.871754458727786,0.0,380.17800000000005,3812.131,0.0,0.0,0,0.0,0.0,0.0,0.0,0,-12200.0,31119.981789205962
06-02-2050 08:00:00,47590.966629791226,1154.843812841504,0.0,393.616,4510.377,0.0,0.0,0,0.0,0.0,0.0,0.0,0,-12200.0,33034.130358811984
06-02-2050 09:00:00,50373.91052874307,10523.350178272505,0.0,403.773,5006.77,0.0,0.0,0,0.0,0.0,0.0,0.0,0,-12200.0,36474.084659360225
06-02-2050 10:00:00,49841.62368771302,22019.816700646807,124.43250074691605,398.39599999999996,5703.146,0.0,0.0,0,0.0,0.0,0.0,0.0,0,-12200.0,39302.5191477714
06-02-2050 11:00:00,51680.240636151815,28553.454086538306,112.09710116032511,396.069,5631.43,0.0,0.0,0,0.0,0.0,0.0,0.0,0,-12200.0,39671.256263377545
06-02-2050 12:00:00,55507.282116846625,31960.94851836161,198.37749171070755,377.096,4971.26,0.0,0.0,0,0.0,0.0,0.0,0.0,0,-12200.0,38792.158200120786
06-02-2050 13:00:00,62611.978769207104,32119.101390031134,432.0086117478786,371.411,3750.0009999999997,0.0,0.0,0,0.0,0.0,0.0,0.0,0,-12200.0,38725.1887972925
06-02-2050 14:00:00,70291.40658824654,28769.008280188984,1408.3588593470631,370.5,2922.873,0.0,0.0,0,0.0,0.0,0.0,0.0,0,-12200.0,37774.6980671371
06-02-2050 15:00:00,75625.01919112826,23334.877691290985,1626.048329098965,372.61699999999996,2823.5559999999996,0.0,0.0,0,0.0,0.0,0.0,0.0,0,-12200.0,36047.31076474223
06-02-2050 16:00:00,82081.08353078205,14173.009151459351,1244.3924140237505,374.68199999999996,2707.613,0.0,0.0,0,0.0,0.0,0.0,0.0,0,-12200.0,35130.00359860329
06-02-2050 17:00:00,84706.9671126531,5545.724032294479,630.2849936259445,376.13800000000003,2565.485,0.0,0.0,0,0.0,0.0,0.0,0.0,0,-12200.0,34870.95237378211
06-02-2050 18:00:00,86363.23049987938,353.341652190715,194.0297689056024,375.249,2682.112,0.0,0.0,0,0.0,0.0,0.0,0.0,0,-12200.0,36254.404039173976
06-02-2050 19:00:00,82692.34563241118,3.1745064731160513,0.0,377.14099999999996,3438.722,0.0,0.0,0,0.0,0.0,0.0,0.0,0,-12200.0,39011.95769552891
06-02-2050 20:00:00,81356.6985392204,9.523519419348153,0.0,376.175,3986.5890000000004,0.0,0.0,0,0.0,0.0,0.0,0.0,0,-12200.0,39633.647855553536
06-02-2050 21:00:00,82051.0617908362,2.2551138880059383,0.0,370.25199999999995,3588.175,0.0,0.0,0,0.0,0.0,0.0,0.0,0,-12200.0,39568.37232590366
06-02-2050 22:00:00,82956.37805807241,7.06024117244936,0.0,374.615,3076.382,0.0,0.0,0,0.0,0.0,0.0,0.0,0,-12200.0,37721.518979916786
06-02-2050 23:00:00,82149.87854647529,3.3653238021011687,0.0,371.44699999999995,2532.348,0.0,0.0,0,0.0,0.0,0.0,0.0,0,-12200.0,35157.745757944635
07-02-2050 00:00:00,86569.10301191953,1.075515854279755,0.0,355.765,2352.5229999999997,0.0,0.0,0,0.0,0.0,0.0,0.0,0,-12200.0,32532.09778551098
07-02-2050 01:00:00,83795.59652526135,11.53577488864576,0.0,345.181,2178.6639999999998,0.0,0.0,0,0.0,0.0,0.0,0.0,0,-12200.0,30011.31039668267
07-02-2050 02:00:00,81738.26806284292,2.289807947821414,0.0,343.056,1948.881,0.0,0.0,0,0.0,0.0,0.0,0.0,0,-12200.0,28044.635961175314
07-02-2050 03:00:00,77781.83711142534,10.321482795104101,0.0,340.99800000000005,1864.004,0.0,0.0,0,0.0,0.0,0.0,0.0,0,-12200.0,26726.27144177605
07-02-2050 04:00:00,78495.5037139709,1.196945063633921,0.0,330.663,1720.71,0.0,0.0,0,0.0,0.0,0.0,0.0,0,-12200.0,26317.350551827793
07-02-2050 05:00:00,78091.63891612481,12.906190251357062,0.0,330.29400000000004,1720.487,0.0,0.0,0,0.0,0.0,0.0,0.0,0,-12200.0,26365.775814975306
07-02-2050 06:00:00,75193.5095345826,2.740830725422602,0.0,329.746,2014.559,0.0,0.0,0,0.0,0.0,0.0,0.0,0,-12200.0,26883.21674967858
07-02-2050 07:00:00,77880.5577667445,64.23605174835376,0.0,328.796,2219.097,0.0,0.0,0,0.0,0.0,0.0,0.0,0,-12200.0,27462.2931046624
07-02-2050 08:00:00,80456.86639690814,1177.1174084493764,0.0,326.514,1967.885,0.0,0.0,0,0.0,0.0,0.0,0.0,0,-12200.0,28120.45031240715
07-02-2050 09:00:00,85303.0709904854,13989.512269095298,0.0,328.62800000000004,2185.676,0.0,0.0,0,0.0,0.0,0.0,0.0,0,-12200.0,30766.489137270906
07-02-2050 10:00:00,88459.79992626888,31492.734834122555,60.76700943836477,329.431,2470.801,0.0,0.0,0,0.0,0.0,0.0,0.0,0,-12200.0,33313.69920997102
07-02-2050 11:00:00,93892.88276696524,41039.63804978634,980.4957507387735,330.209,2476.751,0.0,0.0,0,0.0,0.0,0.0,0.0,0,-12200.0,34752.184968952664
07-02-2050 12:00:00,97568.04730201433,44190.413785988596,7245.766532520647,333.156,2501.451,0.0,0.0,0,0.0,0.0,0.0,0.0,0,-12200.0,34592.56240148471
07-02-2050 13:00:00,100795.96094811328,45131.021788675884,16107.773740370525,334.00800000000004,2188.5,0.0,0.0,0,0.0,0.0,0.0,0.0,0,-12200.0,35089.43357852359
07-02-2050 14:00:00,102147.06737943667,43847.01198193502,21094.611797794234,331.63,1838.2079999999999,0.0,0.0,0,0.0,0.0,0.0,0.0,0,-12200.0,34769.77336764676
07-02-2050 15:00:00,101055.89309345755,38832.61012868465,13761.351556731155,331.213,2047.94,0.0,0.0,0,0.0,0.0,0.0,0.0,0,-12200.0,33269.26317810694
07-02-2050 16:00:00,92993.81302052442,26833.131783575143,12798.78594965348,320.47,2220.5389999999998,0.0,0.0,0,0.0,0.0,0.0,0.0,0,-12200.0,32718.936854777636
07-02-2050 17:00:00,89250.45569845366,12250.264356485672,12631.718802794814,321.164,2523.5679999999998,0.0,0.0,0,0.0,0.0,0.0,0.0,0,-12200.0,32150.712899203612
07-02-2050 18:00:00,86197.61761520155,1162.9622320446622,11943.666391433217,331.23699999999997,3311.295,0.0,0.0,0,0.0,0.0,0.0,0.0,0,-12200.0,33492.62182135459
07-02-2050 19:00:00,82624.99852820483,11.223528350306475,4886.9752460171,342.904,4475.558,0.0,0.0,0,0.0,0.0,0.0,0.0,0,-12200.0,37091.62327010737
07-02-2050 20:00:00,82866.92788028238,9.089843671654705,3844.195838349755,356.43300000000005,5823.986,0.0,0.0,0,0.0,0.0,0.0,0.0,0,-12200.0,38826.855547278465
07-02-2050 21:00:00,83354.23338257894,1.6306208113273706,2114.3751176474616,359.18199999999996,4581.862,0.0,0.0,0,0.0,0.0,0.0,0.0,0,-12200.0,39228.98988635306
07-02-2050 22:00:00,80924.02286545954,7.441875830419596,0.0,352.934,4323.262,0.0,0.0,0,0.0,0.0,0.0,0.0,0,-12200.0,38018.12213695824
07-02-2050 23:00:00,81662.6435177467,6.296971856508889,0.0,348.65,3600.579,0.0,0.0,0,0.0,0.0,0.0,0.0,0,-12200.0,35252.54460059276
08-02-2050 00:00:00,83551.30310531358,0.7632693159404714,0.0,335.658,2418.802,0.0,0.0,0,0.0,0.0,0.0,0.0,0,-12200.0,32031.01463424793
08-02-2050 01:00:00,83473.67967356283,5.776560959276749,0.0,324.219,1942.461,0.0,0.0,0,0.0,0.0,0.0,0.0,0,-12200.0,29467.15373686296
08-02-2050 02:00:00,82662.746733873,5.464314420937465,0.0,319.824,1495.04,0.0,0.0,0,0.0,0.0,0.0,0.0,0,-12200.0,27973.30845843488
08-02-2050 03:00:00,80908.73650790282,7.355140680880905,0.0,321.465,1548.28,0.0,0.0,0,0.0,0.0,0.0,0.0,0,-12200.0,27397.900253155152
08-02-2050 04:00:00,81290.67121274109,0.6938811963095193,0.0,322.97,1502.453,0.0,0.0,0,0.0,0.0,0.0,0.0,0,-12200.0,27339.720507929575
08-02-2050 05:00:00,82528.34723310814,11.813327367169567,13.717233966453932,323.742,1569.747,0.0,0.0,0,0.0,0.0,0.0,0.0,0,-12200.0,28241.209765805444
08-02-2050 06:00:00,82999.05941349693,2.6714426057916496,191.9401656970149,341.67,2061.052,0.0,0.0,0,0.0,0.0,0.0,0.0,0,-12200.0,31472.820035019184
08-02-2050 07:00:00,82789.08662113981,66.07483691857398,382.7007166794501,372.365,2865.2090000000003,0.0,0.0,0,0.0,0.0,0.0,0.0,0,-12200.0,37020.67292961577
08-02-2050 08:00:00,82488.4143468336,1587.9471177543353,392.0702278407989,379.08,3931.1209999999996,0.0,0.0,0,0.0,0.0,0.0,0.0,0,-12200.0,40501.6636676426
08-02-2050 09:00:00,81762.66473072894,10555.216676080963,400.56345378560945,374.154,4816.218,0.0,0.0,0,0.0,0.0,0.0,0.0,0,-12200.0,42437.10906894454
08-02-2050 10:00:00,80190.41864987268,21156.5591046866,453.34278644260485,361.015,5157.3,0.0,0.0,0,0.0,0.0,0.0,0.0,0,-12200.0,43453.60398251856
08-02-2050 11:00:00,83349.57572040638,28434.59223762761,3413.5353577041533,363.375,4851.964,0.0,0.0,0,0.0,0.0,0.0,0.0,0,-12200.0,43296.600619275145
08-02-2050 12:00:00,84601.37848780301,31570.189322660604,5298.323748621508,365.289,4328.984,0.0,0.0,0,0.0,0.0,0.0,0.0,0,-12200.0,42774.4508830084
08-02-2050 13:00:00,85997.70972968501,31651.425463718544,6131.77209937165,367.759,4325.458,0.0,0.0,0,0.0,0.0,0.0,0.0,0,-12200.0,42636.34591550558
08-02-2050 14:00:00,85499.55129792445,29263.15577414081,3801.2241594623774,368.20099999999996,3745.677,0.0,0.0,0,0.0,0.0,0.0,0.0,0,-12200.0,41362.879501092044
08-02-2050 15:00:00,85421.9791196777,24307.334840888867,4747.780709699495,372.62300000000005,3614.175,0.0,0.0,0,0.0,0.0,0.0,0.0,0,-12200.0,40414.01669008825
08-02-2050 16:00:00,85597.99005897185,17375.080055098795,4402.760257330723,373.73199999999997,3524.737,0.0,0.0,0,0.0,0.0,0.0,0.0,0,-12200.0,39993.88361559017
08-02-2050 17:00:00,83432.1963687934,6959.160029176971,4773.63112358714,377.469,4339.937,0.0,0.0,0,0.0,0.0,0.0,0.0,0,-12200.0,40089.988505941925
08-02-2050 18:00:00,82189.02341012644,564.472353197794,2079.323708986398,375.844,4919.093,0.0,0.0,0,0.0,0.0,0.0,0.0,0,-12200.0,41087.05620675832
08-02-2050 19:00:00,80826.23117989968,6.7133005742946,90.25737730227411,373.384,5043.82,0.0,0.0,0,0.0,0.0,0.0,0.0,0,-12200.0,43907.86490892529
08-02-2050 20:00:00,80617.52691176563,7.4592228603273325,0.0,379.62800000000004,5183.353,0.0,0.0,0,0.0,0.0,0.0,0.0,0,-12200.0,44537.85421816194
08-02-2050 21:00:00,80789.8668188385,2.5847074562529593,0.0,376.756,5431.597,0.0,0.0,0,0.0,0.0,0.0,0.0,0,-12200.0,43834.53390452156
08-02-2050 22:00:00,81231.48622904075,2.15103170855951,0.0,366.599,4741.488,0.0,0.0,0,0.0,0.0,0.0,0.0,0,-12200.0,40687.9134949456
08-02-2050 23:00:00,83438.0520816211,6.418401065863055,0.0,353.57099999999997,3402.282,0.0,0.0,0,0.0,0.0,0.0,0.0,0,-12200.0,36903.86202926888
09-02-2050 00:00:00,82368.78866858584,1.0234747645565412,0.0,344.358,3058.61,0.0,0.0,0,0.0,0.0,0.0,0.0,0,-12200.0,33939.84067440071
09-02-2050 01:00:00,80912.51645382002,6.904117903279717,0.0,327.541,2600.1710000000003,0.0,0.0,0,0.0,0.0,0.0,0.0,0,-12200.0,31493.058837746863
09-02-2050 02:00:00,81446.36654440225,2.9663421142231954,0.0,307.834,2132.762,0.0,0.0,0,0.0,0.0,0.0,0.0,0,-12200.0,30143.61456930462
09-02-2050 03:00:00,78664.13414869452,9.228619910916608,0.0,308.499,1886.6979999999999,0.0,0.0,0,0.0,0.0,0.0,0.0,0,-12200.0,29365.938791707038
09-02-2050 04:00:00,77486.57208178713,0.9020455552023753,0.0,305.79,2019.7820000000002,0.0,0.0,0,0.0,0.0,0.0,0.0,0,-12200.0,29144.09116706058
09-02-2050 05:00:00,79484.23505890559,7.667387219220189,0.0,306.518,2289.001,0.0,0.0,0,0.0,0.0,0.0,0.0,0,-12200.0,29872.917522081003
09-02-2050 06:00:00,79811.27085431234,1.8908262599434404,0.0,333.566,2917.0609999999997,0.0,0.0,0,0.0,0.0,0.0,0.0,0,-12200.0,32614.958159446334
09-02-2050 07:00:00,82040.92641042767,58.66765514796985,0.0,360.098,3786.409,0.0,0.0,0,0.0,0.0,0.0,0.0,0,-12200.0,37806.17472514357
09-02-2050 08:00:00,86222.3794643033,993.689914204955,0.0,360.36199999999997,4346.018,0.0,0.0,0,0.0,0.0,0.0,0.0,0,-12200.0,40815.37537821337
09-02-2050 09:00:00,88084.08611547403,6710.906684167331,0.0,356.719,4838.442,0.0,0.0,0,0.0,0.0,0.0,0.0,0,-12200.0,42339.0733448392
09-02-2050 10:00:00,88413.70380614288,14425.39108958703,0.0,367.991,5049.269,0.0,0.0,0,0.0,0.0,0.0,0.0,0,-12200.0,43123.812522249165
09-02-2050 11:00:00,92280.31939855474,19945.510905737687,260.29041258618236,367.72900000000004,5091.927,0.0,0.0,0,0.0,0.0,0.0,0.0,0,-12200.0,43185.40055041463
09-02-2050 12:00:00,96712.8761817171,23026.86382824919,2815.53810397943,358.25699999999995,4431.625,0.0,0.0,0,0.0,0.0,0.0,0.0,0,-12200.0,42886.75242360924
09-02-2050 13:00:00,95709.44148783329,24261.070312124928,3448.822689308203,358.05800000000005,4423.262,0.0,0.0,0,0.0,0.0,0.0,0.0,0,-12200.0,42811.704244903885
09-02-2050 14:00:00,95044.79245513957,21764.867402461245,4276.069636987406,359.468,4127.46,0.0,0.0,0,0.0,0.0,0.0,0.0,0,-12200.0,41526.894527755605
09-02-2050 15:00:00,93225.02398358588,17089.287737368813,4307.379981839447,355.473,3922.4359999999997,0.0,0.0,0,0.0,0.0,0.0,0.0,0,-12200.0,40676.16656936442
09-02-2050 16:00:00,92879.06283184107,11760.731172489308,4148.9745773134055,351.88199999999995,3933.765,0.0,0.0,0,0.0,0.0,0.0,0.0,0,-12200.0,40229.69730160451
09-02-2050 17:00:00,95228.45938658807,5079.574644613744,1319.7866459226934,357.226,4052.761,0.0,0.0,0,0.0,0.0,0.0,0.0,0,-12200.0,40535.16554869843
09-02-2050 18:00:00,96645.53548419879,464.4667257796845,99.55948190856725,366.01300000000003,4728.941,0.0,0.0,0,0.0,0.0,0.0,0.0,0,-12200.0,41558.54535178482
09-02-2050 19:00:00,94997.62641811834,2.081643588928558,0.0,363.89599999999996,6335.116999999999,0.0,0.0,0,0.0,0.0,0.0,0.0,0,-12200.0,44352.635959229636
09-02-2050 20:00:00,94962.90216918397,9.679642688517795,0.0,361.606,5760.555,0.0,0.0,0,0.0,0.0,0.0,0.0,0,-12200.0,44752.07329202417
09-02-2050 21:00:00,94493.778847418,1.9255203197589161,0.0,363.509,5002.156,0.0,0.0,0,0.0,0.0,0.0,0.0,0,-12200.0,43932.936522584176
09-02-2050 22:00:00,92411.18881423419,7.927592667836259,0.0,361.589,4315.666,0.0,0.0,0,0.0,0.0,0.0,0.0,0,-12200.0,40576.89628066234
09-02-2050 23:00:00,91043.73892183487,1.7520500206815361,0.0,348.336,3525.4629999999997,0.0,0.0,0,0.0,0.0,0.0,0.0,0,-12200.0,36723.27990399034
10-02-2050 00:00:00,91450.22405507106,0.6591871364940434,0.0,328.63300000000004,2714.248,0.0,0.0,0,0.0,0.0,0.0,0.0,0,-12200.0,33858.77883123113
10-02-2050 01:00:00,89942.70474303103,6.279624826601151,0.0,308.308,2468.717,0.0,0.0,0,0.0,0.0,0.0,0.0,0,-12200.0,31155.65778353924
10-02-2050 02:00:00,86965.71543895498,5.793907989184486,0.0,308.923,2189.026,0.0,0.0,0,0.0,0.0,0.0,0.0,0,-12200.0,29795.724455235824
10-02-2050 03:00:00,84141.23093591843,5.845949078907702,0.0,313.163,2067.291,0.0,0.0,0,0.0,0.0,0.0,0.0,0,-12200.0,29068.44071355992
10-02-2050 04:00:00,83742.8118228683,1.040821794464279,0.0,312.10200000000003,1948.1770000000001,0.0,0.0,0,0.0,0.0,0.0,0.0,0,-12200.0,28956.79910816099
10-02-2050 05:00:00,83001.71178232697,6.522483245309482,0.0,324.028,2109.687,0.0,0.0,0,0.0,0.0,0.0,0.0,0,-12200.0,29705.54871340982
10-02-2050 06:00:00,83763.08258368536,2.3765430973601034,0.0,347.343,2590.811,0.0,0.0,0,0.0,0.0,0.0,0.0,0,-12200.0,32733.32194142934
10-02-2050 07:00:00,84029.37016352093,56.03090660199369,0.0,348.00199999999995,4192.48,0.0,0.0,0,0.0,0.0,0.0,0.0,0,-12200.0,38296.69061955564
10-02-2050 08:00:00,86858.67890261793,825.458418159712,0.0,353.731,4470.129,0.0,0.0,0,0.0,0.0,0.0,0.0,0,-12200.0,41338.246264497306
10-02-2050 09:00:00,88187.36833264583,5395.897734981347,0.0,366.444,4793.241,0.0,0.0,0,0.0,0.0,0.0,0.0,0,-12200.0,42633.04702936452
10-02-2050 10:00:00,87619.99204378435,12083.94103373028,231.13707749778405,370.765,5381.142,0.0,0.0,0,0.0,0.0,0.0,0.0,0,-12200.0,43261.563233692046
10-02-2050 11:00:00,88697.65462478144,16731.106263833837,950.3987238788977,365.73800000000006,5347.0109999999995,0.0,0.0,0,0.0,0.0,0.0,0.0,0,-12200.0,43324.91029919407
10-02-2050 12:00:00,87714.68289235451,19378.26302775466,815.9900529746665,362.91900000000004,5091.782,0.0,0.0,0,0.0,0.0,0.0,0.0,0,-12200.0,43213.09571257524
10-02-2050 13:00:00,89515.0519126585,19024.106065158277,724.418247847585,363.381,4778.793,0.0,0.0,0,0.0,0.0,0.0,0.0,0,-12200.0,43174.39175702523
10-02-2050 14:00:00,89471.54409448258,17220.257813172237,1366.8701246721903,375.439,4639.77,0.0,0.0,0,0.0,0.0,0.0,0.0,0,-12200.0,41723.159493769344
10-02-2050 15:00:00,90525.72616397699,13560.901854134907,1263.4347658444894,372.17,4549.289000000001,0.0,0.0,0,0.0,0.0,0.0,0.0,0,-12200.0,40965.14275535883
10-02-2050 16:00:00,90884.34052451244,8464.118955852688,191.19869359070435,369.423,4984.242,0.0,0.0,0,0.0,0.0,0.0,0.0,0,-12200.0,40831.20592437378
10-02-2050 17:00:00,90177.91988608954,3916.5777185092666,0.0,373.649,5360.769,0.0,0.0,0,0.0,0.0,0.0,0.0,0,-12200.0,40878.39425331875
10-02-2050 18:00:00,87734.6333187718,432.5655377793544,0.0,382.087,5902.168000000001,0.0,0.0,0,0.0,0.0,0.0,0.0,0,-12200.0,41634.6989515735
10-02-2050 19:00:00,86137.84962289363,2.029602499205344,0.0,390.04900000000004,6545.923000000001,0.0,0.0,0,0.0,0.0,0.0,0.0,0,-12200.0,44068.94478393076
10-02-2050 20:00:00,85033.9836879959,6.869423843464243,0.0,394.686,6501.35,0.0,0.0,0,0.0,0.0,0.0,0.0,0,-12200.0,44419.50425887915
10-02-2050 21:00:00,84730.09525631604,1.7520500206815361,0.0,395.694,5896.573,0.0,0.0,0,0.0,0.0,0.0,0.0,0,-12200.0,43576.90207354579
10-02-2050 22:00:00,84959.05747189117,4.4755337161964,0.0,390.30199999999996,5313.6140000000005,0.0,0.0,0,0.0,0.0,0.0,0.0,0,-12200.0,40305.88170626793
10-02-2050 23:00:00,82507.97396528316,2.3765430973601034,0.0,369.13300000000004,4145.744000000001,0.0,0.0,0,0.0,0.0,0.0,0.0,0,-12200.0,36302.56469634586
11-02-2050 00:00:00,79254.04916592337,0.8153104056636853,0.0,362.64300000000003,3703.453,0.0,0.0,0,0.0,0.0,0.0,0.0,0,-12200.0,33220.57646845811
11-02-2050 01:00:00,74289.00691672177,6.990853052818407,0.0,356.48900000000003,3550.9440000000004,0.0,0.0,0,0.0,0.0,0.0,0.0,0,-12200.0,31425.1285597862
11-02-2050 02:00:00,71355.37167030973,1.2663331832648728,0.0,356.476,3226.614,0.0,0.0,0,0.0,0.0,0.0,0.0,0,-12200.0,29919.28517756725
11-02-2050 03:00:00,68512.45512591077,6.210236706970198,0.0,357.73699999999997,3342.075,0.0,0.0,0,0.0,0.0,0.0,0.0,0,-12200.0,29370.943004120953
11-02-2050 04:00:00,69724.5172076727,0.8500044654791613,0.0,354.385,3056.46,0.0,0.0,0,0.0,0.0,0.0,0.0,0,-12200.0,29184.70897418962
11-02-2050 05:00:00,68237.99901888121,8.708209013684469,0.0,367.218,3372.63,0.0,0.0,0,0.0,0.0,0.0,0.0,0,-12200.0,29938.23530970013
11-02-2050 06:00:00,64078.97577967706,1.6826619010505843,0.0,380.904,4179.423,0.0,0.0,0,0.0,0.0,0.0,0.0,0,-12200.0,32856.40479326746
11-02-2050 07:00:00,60715.93227038175,58.80643138723177,0.0,367.46,5799.67,0.0,0.0,0,0.0,0.0,0.0,0.0,0,-12200.0,38346.90256544016
11-02-2050 08:00:00,58884.49081330069,583.6408212458446,0.0,383.577,6248.955,0.0,0.0,0,0.0,0.0,0.0,0.0,0,-12200.0,41479.370899596695
11-02-2050 09:00:00,55954.47534560597,4662.725515930801,0.0,385.659,6340.14,0.0,0.0,0,0.0,0.0,0.0,0.0,0,-12200.0,42713.63574125233
11-02-2050 10:00:00,56888.2244941652,10818.648672259871,0.0,388.333,6101.0830000000005,0.0,0.0,0,0.0,0.0,0.0,0.0,0,-12200.0,43250.39528178293
11-02-2050 11:00:00,57883.36252709517,18697.825779623632,0.8088786613661796,369.836,6297.19,0.0,0.0,0,0.0,0.0,0.0,0.0,0,-12200.0,43165.89000652144
11-02-2050 12:00:00,60182.684408471105,24909.39820789673,72.09131069818977,386.44300000000004,6005.4580000000005,0.0,0.0,0,0.0,0.0,0.0,0.0,0,-12200.0,43030.12778923873
11-02-2050 13:00:00,66956.87284053021,28916.544769554293,0.0,391.048,5668.848000000001,0.0,0.0,0,0.0,0.0,0.0,0.0,0,-12200.0,42963.32267907595
11-02-2050 14:00:00,74157.11243096305,29094.629378587135,0.0,393.408,5155.221,0.0,0.0,0,0.0,0.0,0.0,0.0,0,-12200.0,41576.40783487756
11-02-2050 15:00:00,79165.46389101271,27966.031612789702,1236.9439896832919,386.86,4979.187,0.0,0.0,0,0.0,0.0,0.0,0.0,0,-12200.0,40672.87913631786
11-02-2050 16:00:00,80367.26245860624,22245.53625417476,3012.061915424536,395.277,5337.991999999999,0.0,0.0,0,0.0,0.0,0.0,0.0,0,-12200.0,40183.20682155349
11-02-2050 17:00:00,81509.9977695713,12620.016298969109,4414.455294643645,403.82,6346.4980000000005,0.0,0.0,0,0.0,0.0,0.0,0.0,0,-12200.0,40189.191655814415
11-02-2050 18:00:00,81052.47695976478,1744.5040626716705,5328.2185558161,400.349,6687.871,0.0,0.0,0,0.0,0.0,0.0,0.0,0,-12200.0,40968.926225876174
11-02-2050 19:00:00,81088.6555268741,13.16639569997313,1828.2679944513366,390.54900000000004,7238.938,0.0,0.0,0,0.0,0.0,0.0,0.0,0,-12200.0,44023.35751860552
11-02-2050 20:00:00,84748.98217252613,4.8051272844434205,222.2394122222904,386.293,6342.281,0.0,0.0,0,0.0,0.0,0.0,0.0,0,-12200.0,44495.063087624054
11-02-2050 21:00:00,87178.87876193372,1.144903973910707,0.0,387.83,5927.356,0.0,0.0,0,0.0,0.0,0.0,0.0,0,-12200.0,43768.086999761625
11-02-2050 22:00:00,87725.4140947466,6.852076813556504,0.0,379.939,5185.244000000001,0.0,0.0,0,0.0,0.0,0.0,0.0,0,-12200.0,40615.41185255505
11-02-2050 23:00:00,89743.47596644201,1.7867440804970125,0.0,364.999,4653.543,0.0,0.0,0,0.0,0.0,0.0,0.0,0,-12200.0,36745.72638941029
12-02-2050 00:00:00,91929.19445628574,0.7112282262172572,0.0,358.26199999999994,4282.452,0.0,0.0,0,0.0,0.0,0.0,0.0,0,-12200.0,34135.18820805416
12-02-2050 01:00:00,92561.18860026756,7.32044662106543,0.0,340.496,3887.614,0.0,0.0,0,0.0,0.0,0.0,0.0,0,-12200.0,31912.476686242164
12-02-2050 02:00:00,91659.95979997233,1.9255203197589161,0.0,324.599,3567.265,0.0,0.0,0,0.0,0.0,0.0,0.0,0,-12200.0,30241.83393785572
12-02-2050 03:00:00,92675.09951282354,6.123501557431507,0.0,324.976,3390.844,0.0,0.0,0,0.0,0.0,0.0,0.0,0,-12200.0,29612.35764826439
12-02-2050 04:00:00,95722.00500299202,0.7979633757559472,0.0,326.716,3028.86,0.0,0.0,0,0.0,0.0,0.0,0.0,0,-12200.0,29405.156556770948
12-02-2050 05:00:00,95477.66673622826,7.23371147152674,0.0,327.224,3292.261,0.0,0.0,0,0.0,0.0,0.0,0.0,0,-12200.0,29995.43719761872
12-02-2050 06:00:00,95669.39968786282,1.8040911104047506,0.0,341.251,3822.362,0.0,0.0,0,0.0,0.0,0.0,0.0,0,-12200.0,32771.976925127165
12-02-2050 07:00:00,95700.01724979223,54.695185299097865,0.0,358.577,5081.168,0.0,0.0,0,0.0,0.0,0.0,0.0,0,-12200.0,38184.761896926415
12-02-2050 08:00:00,95172.85574147709,682.917873407829,0.0,380.13,5704.073,0.0,0.0,0,0.0,0.0,0.0,0.0,0,-12200.0,41189.995435033095
12-02-2050 09:00:00,95498.02719067724,4277.0836940518775,0.0,389.254,6269.38,0.0,0.0,0,0.0,0.0,0.0,0.0,0,-12200.0,42499.135079239866
12-02-2050 10:00:00,96084.07256835695,8535.86627155109,0.0,390.181,6790.403,0.0,0.0,0,0.0,0.0,0.0,0.0,0,-12200.0,43215.2149299861
12-02-2050 11:00:00,96366.28717454876,12624.80407922364,0.0,388.95,6612.109,0.0,0.0,0,0.0,0.0,0.0,0.0,0,-12200.0,43445.041017199466
12-02-2050 12:00:00,97984.87923636285,15377.569561222768,0.0,385.17400000000004,6599.049,0.0,0.0,0,0.0,0.0,0.0,0.0,0,-12200.0,43404.39240519567
12-02-2050 13:00:00,99252.96139795546,15411.986068559721,272.8954383931123,381.30800000000005,6043.281999999999,0.0,0.0,0,0.0,0.0,0.0,0.0,0,-12200.0,43217.947085418156
12-02-2050 14:00:00,99531.80608626179,14469.227034163883,902.5737730229739,378.381,5923.4,0.0,0.0,0,0.0,0.0,0.0,0.0,0,-12200.0,41757.85565612418
12-02-2050 15:00:00,99543.21639758137,9777.185037689007,1848.2203347660834,369.875,5655.626,0.0,0.0,0,0.0,0.0,0.0,0.0,0,-12200.0,40776.28162251713
12-02-2050 16:00:00,100320.58469886395,6549.943593653432,1075.033444291097,377.045,5620.588000000001,0.0,0.0,0,0.0,0.0,0.0,0.0,0,-12200.0,40287.2242204454
12-02-2050 17:00:00,101115.59061219751,3319.7358075036336,897.4845781116746,386.30800000000005,5610.266,0.0,0.0,0,0.0,0.0,0.0,0.0,0,-12200.0,40094.81697259588
12-02-2050 18:00:00,100673.34334657172,291.5862257191678,502.41475856816396,393.16,5789.366,0.0,0.0,0,0.0,0.0,0.0,0.0,0,-12200.0,40833.415186803206
12-02-2050 19:00:00,100947.05627779383,3.746958460071405,0.0,391.735,6803.285,0.0,0.0,0,0.0,0.0,0.0,0.0,0,-12200.0,43196.85364488256
12-02-2050 20:00:00,101187.4544314405,5.342885211583299,0.0,383.095,6655.354,0.0,0.0,0,0.0,0.0,0.0,0.0,0,-12200.0,43284.1763813832
12-02-2050 21:00:00,101776.18421139024,3.1398124133005756,0.0,371.13599999999997,6159.266,0.0,0.0,0,0.0,0.0,0.0,0.0,0,-12200.0,42485.99561534514
12-02-2050 22:00:00,102194.76517156149,5.2908441218600855,0.0,360.86300000000006,5676.147,0.0,0.0,0,0.0,0.0,0.0,0.0,0,-12200.0,39743.266607508864
12-02-2050 23:00:00,101856.06920400332,2.220419828190462,0.0,331.833,5772.775,0.0,0.0,0,0.0,0.0,0.0,0.0,0,-12200.0,36772.50846348781
13-02-2050 00:00:00,93966.11121075123,1.301027243080349,0.0,307.26599999999996,5470.597,0.0,0.0,0,0.0,0.0,0.0,0.0,0,-12200.0,34569.6747744606
13-02-2050 01:00:00,93214.58108215357,5.256150062044609,0.0,292.82599999999996,5020.635,0.0,0.0,0,0.0,0.0,0.0,0.0,0,-12200.0,32186.05398925728
13-02-2050 02:00:00,89643.00628530011,4.770433224627946,0.0,298.004,4797.513,0.0,0.0,0,0.0,0.0,0.0,0.0,0,-12200.0,30309.487761812008
13-02-2050 03:00:00,87845.39854752208,6.140848587339246,0.0,295.033,4978.101,0.0,0.0,0,0.0,0.0,0.0,0.0,0,-12200.0,29387.98994790071
13-02-2050 04:00:00,86111.83206294483,1.214292093541659,0.0,297.66,4972.376,0.0,0.0,0,0.0,0.0,0.0,0.0,0,-12200.0,28937.452067064653
13-02-2050 05:00:00,85202.57568259153,8.395962475345184,0.0,297.556,5096.724,0.0,0.0,0,0.0,0.0,0.0,0.0,0,-12200.0,28814.497568871426
13-02-2050 06:00:00,86456.58875734652,2.3765430973601034,0.0,294.376,5115.837,0.0,0.0,0,0.0,0.0,0.0,0.0,0,-12200.0,29461.149550821716
13-02-2050 07:00:00,87369.17020876936,61.04419824532996,0.0,301.14599999999996,5259.57,0.0,0.0,0,0.0,0.0,0.0,0.0,0,-12200.0,30939.296981011492
13-02-2050 08:00:00,90125.24409739238,848.5299679370034,0.0,302.887,5328.678000000001,0.0,0.0,0,0.0,0.0,0.0,0.0,0,-12200.0,32526.649666952875
13-02-2050 09:00:00,93913.74294307786,5224.196832954556,0.0,302.468,6037.366,0.0,0.0,0,0.0,0.0,0.0,0.0,0,-12200.0,35531.86148367351
13-02-2050 10:00:00,96635.18227639844,12049.489832333511,232.24928565730806,294.272,6374.33,0.0,0.0,0,0.0,0.0,0.0,0.0,0,-12200.0,38190.07060367945
13-02-2050 11:00:00,99082.98555875284,18750.61279163288,561.3280877408106,297.897,6256.149,0.0,0.0,0,0.0,0.0,0.0,0.0,0,-12200.0,38716.529862940464
13-02-2050 12:00:00,97237.37891451422,21852.990314392555,2704.957650309312,313.03,5999.243,0.0,0.0,0,0.0,0.0,0.0,0.0,0,-12200.0,38101.10257091835
13-02-2050 13:00:00,97410.5388776505,21232.122766964705,1427.5697275554994,312.08299999999997,6381.308000000001,0.0,0.0,0,0.0,0.0,0.0,0.0,0,-12200.0,38401.92599580408
13-02-2050 14:00:00,96871.73001055993,18834.641804505965,849.0529682597844,313.014,6096.656999999999,0.0,0.0,0,0.0,0.0,0.0,0.0,0,-12200.0,37413.17600611143
13-02-2050 15:00:00,94387.58799389633,14849.161683203163,2081.581828582799,313.064,5840.3769999999995,0.0,0.0,0,0.0,0.0,0.0,0.0,0,-12200.0,35533.38316550057
13-02-2050 16:00:00,90582.86741420685,8610.26768282538,1830.020564884413,307.19,6089.305,0.0,0.0,0,0.0,0.0,0.0,0.0,0,-12200.0,34772.80448833783
13-02-2050 17:00:00,88201.57836661936,3739.3778080017228,271.78323023370467,303.753,6241.648,0.0,0.0,0,0.0,0.0,0.0,0.0,0,-12200.0,34733.6329305861
13-02-2050 18:00:00,87118.95060242595,366.64682412995006,0.0,318.657,6656.536999999999,0.0,0.0,0,0.0,0.0,0.0,0.0,0,-12200.0,35548.15884216704
13-02-2050 19:00:00,88657.48469105107,4.406145596565448,0.0,328.85400000000004,7127.28,0.0,0.0,0,0.0,0.0,0.0,0.0,0,-12200.0,38310.4994970753
13-02-2050 20:00:00,90009.00115040614,9.436784269809465,0.0,336.51,7355.7519999999995,0.0,0.0,0,0.0,0.0,0.0,0.0,0,-12200.0,38987.39357243531
13-02-2050 21:00:00,93238.11284716023,2.9663421142231954,0.0,334.06800000000004,7156.775,0.0,0.0,0,0.0,0.0,0.0,0.0,0,-12200.0,38723.198328460836
13-02-2050 22:00:00,94978.37432069254,3.3826708320089067,0.0,332.36300000000006,6639.522,0.0,0.0,0,0.0,0.0,0.0,0.0,0,-12200.0,36879.98272223757
13-02-2050 23:00:00,93119.30722497587,5.759213929369011,0.0,315.922,6201.38,0.0,0.0,0,0.0,0.0,0.0,0.0,0,-12200.0,34477.36954693212
14-02-2050 00:00:00,85910.93754747702,1.2663331832648728,0.0,301.597,6596.275,0.0,0.0,0,0.0,0.0,0.0,0.0,0,-12200.0,32303.1749130234
14-02-2050 01:00:00,82735.5395228753,8.881679312761849,0.0,307.172,5935.2119999999995,0.0,0.0,0,0.0,0.0,0.0,0.0,0,-12200.0,29648.11420919323
14-02-2050 02:00:00,77341.78093309393,4.197981237672592,0.0,307.381,5452.79,0.0,0.0,0,0.0,0.0,0.0,0.0,0,-12200.0,27890.091853768143
14-02-2050 03:00:00,66540.75204854917,7.38983474069638,0.0,292.336,5865.981,0.0,0.0,0,0.0,0.0,0.0,0.0,0,-12200.0,27159.034514932213
14-02-2050 04:00:00,63921.076547345525,1.301027243080349,0.0,290.668,5728.927,0.0,0.0,0,0.0,0.0,0.0,0.0,0,-12200.0,26752.568141608703
14-02-2050 05:00:00,62460.370904487005,6.921464933187456,0.0,303.556,5741.918000000001,0.0,0.0,0,0.0,0.0,0.0,0.0,0,-12200.0,26784.881665379908
14-02-2050 06:00:00,63045.32714520751,3.313282712377955,0.0,311.17,5899.956999999999,0.0,0.0,0,0.0,0.0,0.0,0.0,0,-12200.0,27282.208201657482
14-02-2050 07:00:00,64666.50750897168,65.10340324374066,0.0,313.719,5994.175,0.0,0.0,0,0.0,0.0,0.0,0.0,0,-12200.0,27959.678881083757
14-02-2050 08:00:00,69674.90381583729,2407.6116279248627,0.0,320.819,5401.128000000001,0.0,0.0,0,0.0,0.0,0.0,0.0,0,-12200.0,28316.491350677345
14-02-2050 09:00:00,70024.72179375526,12594.498817974823,0.0,317.54200000000003,5643.165,0.0,0.0,0,0.0,0.0,0.0,0.0,0,-12200.0,30945.670035681458
14-02-2050 10:00:00,76030.03719281351,19163.784349975384,0.0,317.776,5538.061,0.0,0.0,0,0.0,0.0,0.0,0.0,0,-12200.0,33525.36226909546
14-02-2050 11:00:00,76345.9573845485,23046.882300762718,0.0,315.63,5952.621,0.0,0.0,0,0.0,0.0,0.0,0.0,0,-12200.0,34931.648245382
14-02-2050 12:00:00,80607.57732530897,28425.016677118536,70.30503698752727,316.941,5690.9890000000005,0.0,0.0,0,0.0,0.0,0.0,0.0,0,-12200.0,35198.03300507125
14-02-2050 13:00:00,82108.51056208982,33446.20121906284,552.801158518414,310.115,5842.898,0.0,0.0,0,0.0,0.0,0.0,0.0,0,-12200.0,35421.41731904789
14-02-2050 14:00:00,83247.54921408164,32510.589160988988,548.2512160480255,307.28,5798.454000000001,0.0,0.0,0,0.0,0.0,0.0,0.0,0,-12200.0,35132.03553553563
14-02-2050 15:00:00,78686.86507770176,24377.278065476865,411.4159091595793,291.25,5796.616999999999,0.0,0.0,0,0.0,0.0,0.0,0.0,0,-12200.0,33571.44715162859
14-02-2050 16:00:00,78861.9598606126,16923.866460168625,8.05508333654143,295.884,5890.03,0.0,0.0,0,0.0,0.0,0.0,0.0,0,-12200.0,32504.213054890217
14-02-2050 17:00:00,77461.52193172561,9303.21213951988,0.0,296.18,5955.059,0.0,0.0,0,0.0,0.0,0.0,0.0,0,-12200.0,32396.9927388902
14-02-2050 18:00:00,80013.3313869953,1542.5325934558773,36.028803710243665,296.742,6199.186,0.0,0.0,0,0.0,0.0,0.0,0.0,0,-12200.0,34084.951381309256
14-02-2050 19:00:00,92595.09919982654,17.22560069838382,258.09969954483677,312.07,6820.273,0.0,0.0,0,0.0,0.0,0.0,0.0,0,-12200.0,37288.97628009557
14-02-2050 20:00:00,94035.00232676443,9.766377838056485,1641.2822105555097,317.161,7318.003000000001,0.0,0.0,0,0.0,0.0,0.0,0.0,0,-12200.0,39198.294408376154
14-02-2050 21:00:00,93110.0239340707,1.942867349666654,1544.5875072394265,316.89799999999997,7261.221,0.0,0.0,0,0.0,0.0,0.0,0.0,0,-12200.0,39570.78616429633
14-02-2050 22:00:00,92109.76055074454,4.4755337161964,0.0,316.225,6875.297,0.0,0.0,0,0.0,0.0,0.0,0.0,0,-12200.0,38245.08455562035
14-02-2050 23:00:00,86248.28811055617,5.672478779830322,0.0,307.066,6584.366,0.0,0.0,0,0.0,0.0,0.0,0.0,0,-12200.0,35662.77430278472
15-02-2050 00:00:00,82320.02095956582,1.4051094225267766,0.0,302.35400000000004,6405.460999999999,0.0,0.0,0,0.0,0.0,0.0,0.0,0,-12200.0,33005.10861236456
15-02-2050 01:00:00,76773.1361200094,7.771469398666616,0.0,300.305,6111.616,0.0,0.0,0,0.0,0.0,0.0,0.0,0,-12200.0,30679.543563019146
15-02-2050 02:00:00,74469.9574124603,5.273497091952347,0.0,294.543,5558.089,0.0,0.0,0,0.0,0.0,0.0,0.0,0,-12200.0,29148.57801555197
15-02-2050 03:00:00,73360.15247779092,11.36230458956838,0.0,292.156,5314.937,0.0,0.0,0,0.0,0.0,0.0,0.0,0,-12200.0,28305.865248616872
15-02-2050 04:00:00,73154.58108008657,1.3877623926190386,0.0,290.796,5174.56,0.0,0.0,0,0.0,0.0,0.0,0.0,0,-12200.0,28056.330755429943
15-02-2050 05:00:00,75481.67595392202,15.213345229086212,0.0,292.682,5105.2029999999995,0.0,0.0,0,0.0,0.0,0.0,0.0,0,-12200.0,29053.889359571287
15-02-2050 06:00:00,79148.98588948887,4.5102277760118765,0.0,298.434,5729.543000000001,0.0,0.0,0,0.0,0.0,0.0,0.0,0,-12200.0,32610.31531190962
15-02-2050 07:00:00,84926.48587012319,68.79832061408885,106.30013742030133,322.087,6577.918000000001,0.0,0.0,0,0.0,0.0,0.0,0.0,0,-12200.0,38413.91185663191
15-02-2050 08:00:00,82859.48971551989,2813.2372282574997,97.16654920182191,334.485,7308.483,0.0,0.0,0,0.0,0.0,0.0,0.0,0,-12200.0,42147.90500586365
15-02-2050 09:00:00,84377.63131625604,18125.096240189756,166.46048786258325,316.869,6750.151999999999,0.0,0.0,0,0.0,0.0,0.0,0.0,0,-12200.0,43952.442327265926
15-02-2050 10:00:00,88766.04601913098,30836.010975875408,2275.375674545532,315.469,6501.029,0.0,0.0,0,0.0,0.0,0.0,0.0,0,-12200.0,44578.23230017576
15-02-2050 11:00:00,93443.58173785667,37156.64418117845,14380.682985150488,323.019,6654.494000000001,0.0,0.0,0,0.0,0.0,0.0,0.0,0,-12200.0,44451.44259507293
15-02-2050 12:00:00,95859.78082833039,41419.277799317184,20841.09574399737,319.143,6437.482,0.0,0.0,0,0.0,0.0,0.0,0.0,0,-12200.0,44326.51303048549
15-02-2050 13:00:00,96148.47900277344,42478.470098453756,17815.65362738201,309.014,6333.880999999999,0.0,0.0,0,0.0,0.0,0.0,0.0,0,-12200.0,44240.039007778345
15-02-2050 14:00:00,94857.53137172568,40640.517585669106,13916.48774333403,304.779,6356.059,0.0,0.0,0,0.0,0.0,0.0,0.0,0,-12200.0,42832.96987679079
15-02-2050 15:00:00,93783.1105748542,36755.63289080127,14211.425125250476,309.543,6347.191999999999,0.0,0.0,0,0.0,0.0,0.0,0.0,0,-12200.0,41984.41366207129
15-02-2050 16:00:00,92798.15917583676,28597.81044202952,18843.199153592926,321.218,6504.217,0.0,0.0,0,0.0,0.0,0.0,0.0,0,-12200.0,41586.532765321506
15-02-2050 17:00:00,93425.50206433401,17359.48507521174,27395.237317735096,328.461,6483.159000000001,0.0,0.0,0,0.0,0.0,0.0,0.0,0,-12200.0,41498.12316964928
15-02-2050 18:00:00,91646.54419531021,3035.9210511831325,21158.749134988408,366.598,6965.318,0.0,0.0,0,0.0,0.0,0.0,0.0,0,-12200.0,42246.51851883822
15-02-2050 19:00:00,88631.2749304624,14.55415809259217,4964.492784402217,369.36199999999997,7888.9130000000005,0.0,0.0,0,0.0,0.0,0.0,0.0,0,-12200.0,45605.63332422324
15-02-2050 20:00:00,88144.42430301351,11.795980337261831,2548.102596550947,371.486,7409.568,0.0,0.0,0,0.0,0.0,0.0,0.0,0,-12200.0,46417.02306259147
15-02-2050 21:00:00,89130.52249918215,3.0530772637618857,1465.9914639724884,362.05300000000005,7247.755999999999,0.0,0.0,0,0.0,0.0,0.0,0.0,0,-12200.0,45533.35126529906
15-02-2050 22:00:00,89764.73976389831,3.781652519886881,796.5432618232444,350.77099999999996,7199.535,0.0,0.0,0,0.0,0.0,0.0,0.0,0,-12200.0,42219.76922430696
15-02-2050 23:00:00,88899.33075618466,5.967378288261866,0.0,330.06300000000005,6719.769,0.0,0.0,0,0.0,0.0,0.0,0.0,0,-12200.0,37924.32208313458
16-02-2050 00:00:00,88522.03449345498,1.0061277346488031,0.0,305.759,6581.664000000001,0.0,0.0,0,0.0,0.0,0.0,0.0,0,-12200.0,35024.71530115971
16-02-2050 01:00:00,80882.1935995384,14.502117002868955,0.0,302.656,6556.221,0.0,0.0,0,0.0,0.0,0.0,0.0,0,-12200.0,32292.294078344577
16-02-2050 02:00:00,74673.22880917435,6.088807497616033,0.0,300.362,6430.9169999999995,0.0,0.0,0,0.0,0.0,0.0,0.0,0,-12200.0,30893.202620055352
16-02-2050 03:00:00,72418.32449566966,13.999053135544555,0.0,300.437,6246.473000000001,0.0,0.0,0,0.0,0.0,0.0,0.0,0,-12200.0,30339.55766387039
16-02-2050 04:00:00,68341.68485739673,1.162251003818445,0.0,299.721,6365.795999999999,0.0,0.0,0,0.0,0.0,0.0,0.0,0,-12200.0,30057.691085000526
16-02-2050 05:00:00,67643.36227259983,17.381723967553462,73.47314507805277,322.812,6471.988,0.0,0.0,0,0.0,0.0,0.0,0.0,0,-12200.0,30614.199314802474
16-02-2050 06:00:00,68424.66428031152,4.961250553613064,148.5640474789543,343.222,6767.669,0.0,0.0,0,0.0,0.0,0.0,0.0,0,-12200.0,33890.32144326435
16-02-2050 07:00:00,68218.26641985576,74.52284048364238,0.0,353.154,6822.649,0.0,0.0,0,0.0,0.0,0.0,0.0,0,-12200.0,39684.135860508184
16-02-2050 08:00:00,67017.17258794174,4956.2893030594505,0.0,367.056,7471.394,0.0,0.0,0,0.0,0.0,0.0,0.0,0,-12200.0,43408.88715237291
16-02-2050 09:00:00,64326.504577062464,26983.63461505468,265.81775010575075,369.648,7655.518,0.0,0.0,0,0.0,0.0,0.0,0.0,0,-12200.0,45043.82389141987
16-02-2050 10:00:00,64354.7901045616,44785.26078855485,22580.15116275067,385.96,7124.323,0.0,0.0,0,0.0,0.0,0.0,0.0,0,-12200.0,45403.60982129789
16-02-2050 11:00:00,66286.34887494482,53526.68936451263,52469.0265805017,384.769,6939.674,0.0,0.0,0,0.0,0.0,0.0,0.0,0,-12200.0,44832.65686976619
16-02-2050 12:00:00,64039.8501360899,57699.7255731779,53362.33195219608,386.82199999999995,6958.641,0.0,0.0,0,0.0,0.0,0.0,0.0,0,-12200.0,44634.489505267855
16-02-2050 13:00:00,59535.3398400526,58716.31356686107,50699.16636605968,392.81,6960.369000000001,0.0,0.0,0,0.0,0.0,0.0,0.0,0,-12200.0,44356.769736463975
16-02-2050 14:00:00,57090.42597398405,56729.78374291664,48404.916856081225,391.559,6755.865,0.0,0.0,0,0.0,0.0,0.0,0.0,0,-12200.0,42550.01446407788
16-02-2050 15:00:00,56013.50016210644,51221.8241947313,50730.982260075165,389.583,6761.7,0.0,0.0,0,0.0,0.0,0.0,0.0,0,-12200.0,41540.079014159615
16-02-2050 16:00:00,55869.27280195682,41192.25721891462,54767.354187064804,390.73199999999997,6626.666,0.0,0.0,0,0.0,0.0,0.0,0.0,0,-12200.0,41293.62737805603
16-02-2050 17:00:00,53590.65733618161,23658.72939263854,52336.977139026625,369.84,7188.794,0.0,0.0,0,0.0,0.0,0.0,0.0,0,-12200.0,41428.76796876309
16-02-2050 18:00:00,49199.90419218839,4139.452358763884,32351.16946963733,373.95,7923.555,0.0,0.0,0,0.0,0.0,0.0,0.0,0,-12200.0,42122.25876280994
16-02-2050 19:00:00,47218.418102258,20.764394799562368,15718.601994399796,372.235,8622.344000000001,0.0,0.0,0,0.0,0.0,0.0,0.0,0,-12200.0,45796.756245755205
16-02-2050 20:00:00,44294.33522764691,16.58376059179751,13173.836022327188,379.409,8414.04,0.0,0.0,0,0.0,0.0,0.0,0.0,0,-12200.0,47109.20583426322
16-02-2050 21:00:00,38589.08346753531,3.295935682470217,12220.033267414896,377.423,8391.285,0.0,0.0,0,0.0,0.0,0.0,0.0,0,-12200.0,46544.80997678152
16-02-2050 22:00:00,34178.7835184685,10.546994183904694,10525.836911092163,379.543,7441.175,0.0,0.0,0,0.0,0.0,0.0,0.0,0,-10058.418207108036,42924.196933702086
16-02-2050 23:00:00,31710.59415491313,6.5571773051249576,7211.288079577964,368.616,6935.388000000001,0.0,0.0,0,0.0,0.0,0.0,0.0,0,-7983.269806217362,38576.40678120559
17-02-2050 00:00:00,28628.797841922373,0.7459222860327333,3861.620432847645,378.399,6557.041,0.0,0.0,0,0.0,0.0,0.0,0.0,0,-4414.326778137318,35225.15077329698
17-02-2050 01:00:00,27702.03198327799,14.588852152407645,2818.8073219027137,384.24800000000005,6322.805,0.0,0.0,0,0.0,0.0,0.0,0.0,0,-4791.954001615326,32622.863559169244
17-02-2050 02:00:00,25476.688128183483,6.2275837368779365,840.7619619802572,384.44699999999995,6390.811,0.0,0.0,0,0.0,0.0,0.0,0.0,0,-2305.8733872001903,30901.897888362244
17-02-2050 03:00:00,25705.81691764647,14.10313531499098,340.2682902329834,377.94699999999995,6339.828,0.0,0.0,0,0.0,0.0,0.0,0.0,0,-2649.362573158127,30220.74681626883
17-02-2050 04:00:00,27090.090772721374,1.2316391234493966,348.89632928802166,381.37800000000004,6410.268,0.0,0.0,0,0.0,0.0,0.0,0.0,0,-4137.9510041513895,30186.416758002688
17-02-2050 05:00:00,27011.8394855471,17.086824459121914,337.7405444161268,379.79400000000004,6484.4980000000005,0.0,0.0,0,0.0,0.0,0.0,0.0,0,-3488.184673482734,30838.506195285187
17-02-2050 06:00:00,28192.508796132195,5.204108972321396,337.13388542004395,381.091,6754.34,0.0,0.0,0,0.0,0.0,0.0,0.0,0,-1777.560684348453,34001.780983954675
17-02-2050 07:00:00,30438.501406635467,75.2687627696751,484.55202146200463,381.754,7429.479,1160.6023494207366,0.0,0,0.0,0.0,0.0,0.0,0,0.0,40105.599073701705
17-02-2050 08:00:00,30559.31818694491,6113.4739187879895,536.9269147883169,390.07,7942.109,0.0,0.0,0,0.0,0.0,0.0,0.0,0,-1928.8038271305486,43762.62703317477
17-02-2050 09:00:00,32306.91252045124,29790.895751949643,815.2485808683559,378.67400000000004,8322.235,0.0,0.0,0,0.0,0.0,0.0,0.0,0,-12200.0,45308.101281727046
17-02-2050 10:00:00,33977.99054625631,46629.71453503004,15212.884314630879,382.9,8241.721,0.0,0.0,0,0.0,0.0,0.0,0.0,0,-12200.0,45993.20130180612
17-02-2050 11:00:00,38797.950255504766,55657.471154929335,48446.16966781311,383.602,7626.406,0.0,0.0,0,0.0,0.0,0.0,0.0,0,-12200.0,45697.90300766543
17-02-2050 12:00:00,44545.98318341297,60018.51131520859,53960.396612475975,387.741,7166.397,0.0,0.0,0,0.0,0.0,0.0,0.0,0,-12200.0,45116.61620544934
17-02-2050 13:00:00,48618.5865437606,60518.28783363787,52770.906837595394,397.72,6789.725,0.0,0.0,0,0.0,0.0,0.0,0.0,0,-12200.0,44998.640643875326
17-02-2050 14:00:00,50534.71198454478,56965.6339336911,50726.26380121696,399.222,6783.465999999999,0.0,0.0,0,0.0,0.0,0.0,0.0,0,-12200.0,43415.565886184864
17-02-2050 15:00:00,51723.67797921679,47760.55396875706,49089.96967574011,391.824,6927.44,0.0,0.0,0,0.0,0.0,0.0,0.0,0,-12200.0,42632.02770395691
17-02-2050 16:00:00,50158.95975822411,33257.4134925074,44205.58958209504,389.846,6925.727,0.0,0.0,0,0.0,0.0,0.0,0.0,0,-12200.0,42414.77000565203
17-02-2050 17:00:00,46629.0732802532,15616.386121960077,36974.92211792071,389.51199999999994,7002.403,0.0,0.0,0,0.0,0.0,0.0,0.0,0,-12200.0,42523.46737590411
17-02-2050 18:00:00,43789.75729451456,1851.0321733350663,22240.118795460556,393.885,7317.017,0.0,0.0,0,0.0,0.0,0.0,0.0,0,-12200.0,43384.983359415484
17-02-2050 19:00:00,41566.553273210986,11.969450636339198,10056.485067809233,398.684,8365.524,0.0,0.0,0,0.0,0.0,0.0,0.0,0,-12200.0,46970.82757223038
17-02-2050 20:00:00,38185.26351650518,15.612326916964186,8257.100782225723,406.76199999999994,8358.321,0.0,0.0,0,0.0,0.0,0.0,0.0,0,-7728.233947967288,47903.24610918402
17-02-2050 21:00:00,36785.805810881466,2.8796069646845055,5374.560562459403,418.103,7440.451,0.0,0.0,0,0.0,0.0,0.0,0.0,0,-3611.4638364604834,46724.96399328758
17-02-2050 22:00:00,37131.12629382675,10.807199632520765,2913.2439056222793,422.494,7021.709,0.0,0.0,0,0.0,0.0,0.0,0.0,0,-4627.561842139316,43093.275017989035
17-02-2050 23:00:00,37265.70518185548,7.285752561249953,2056.034744193312,403.25199999999995,6815.133000000001,0.0,0.0,0,0.0,0.0,0.0,0.0,0,-7726.528408321676,38996.578164329985
18-02-2050 00:00:00,36963.15574796665,0.971433674833327,1011.6038759255316,412.654,6284.778,0.0,0.0,0,0.0,0.0,0.0,0.0,0,-9140.2583774023,35661.9868038065
18-02-2050 01:00:00,36527.66113148789,8.118409996821375,543.600163744879,403.977,6200.909000000001,0.0,0.0,0,0.0,0.0,0.0,0.0,0,-11108.029362784331,32681.551584828616
18-02-2050 02:00:00,34908.056812970564,3.1398124133005756,541.9487031445606,370.663,6139.14,0.0,0.0,0,0.0,0.0,0.0,0.0,0,-10818.25038928527,31245.65698973673
18-02-2050 03:00:00,32926.03256124858,4.3887985666577105,511.41353367629927,355.273,6156.257,0.0,0.0,0,0.0,0.0,0.0,0.0,0,-9460.1963144429,30591.198341636526
18-02-2050 04:00:00,30237.786278431522,0.971433674833327,91.90883790270891,348.199,6202.675,0.0,0.0,0,0.0,0.0,0.0,0.0,0,-6424.654271757176,30542.670395573103
18-02-2050 05:00:00,27558.63108587977,4.753086194720207,0.0,363.398,6265.882,0.0,0.0,0,0.0,0.0,0.0,0.0,0,-3079.3703366572045,31199.475743236333
18-02-2050 06:00:00,24363.97455716426,2.1336846786517722,0.0,395.661,6491.858,2790.310049684045,0.0,0,0.0,0.0,0.0,0.0,0,0.0,34143.40995014495
18-02-2050 07:00:00,20347.263078399126,58.32071454981511,0.0,412.92900000000003,8077.096,10000.0,0.0,0,0.0,0.0,0.0,0.0,0,0.0,39654.6520409391
18-02-2050 08:00:00,17995.880450373592,1522.9477966900406,116.78185674105771,411.19699999999995,8757.495,10000.0,0.0,0,0.0,0.0,0.0,0.0,0,0.0,43270.82839218231
18-02-2050 09:00:00,16263.089175043762,9291.554935421882,234.57481180876493,403.24699999999996,8845.701,6889.689950315951,0.0,0,0.0,0.0,0.0,0.0,0,0.0,45102.11737772152
18-02-2050 10:00:00,15287.754214707205,18358.18828106003,280.71459878678434,410.43300000000005,8706.67,0.0,0.0,0,0.0,0.0,0.0,0.0,0,0.0,45811.76848806263
18-02-2050 11:00:00,14329.315512851348,21436.355765170596,973.9236116148531,412.51599999999996,8555.860999999999,0.0,0.0,0,0.0,0.0,0.0,0.0,0,0.0,45880.35317214514
18-02-2050 12:00:00,13376.365125772989,21053.885434250777,2334.5923332163366,412.88599999999997,8153.576999999999,0.0,0.0,0,0.0,0.0,0.0,0.0,0,0.0,45545.30158204061
18-02-2050 13:00:00,13149.484329642633,19857.962839139866,3692.3962762252195,412.80199999999996,8173.51,0.0,0.0,0,0.0,0.0,0.0,0.0,0,0.0,45540.667817992595
18-02-2050 14:00:00,15562.199791114928,20214.863192183497,6856.392566884519,414.376,7659.137,0.0,0.0,0,0.0,0.0,0.0,0.0,0,-6922.019379267389,44130.5245184761
18-02-2050 15:00:00,23101.16830722141,23543.08791592456,8474.015076593729,417.566,7549.693,0.0,0.0,0,0.0,0.0,0.0,0.0,0,-12200.0,43358.96271865296
18-02-2050 16:00:00,24043.62564210196,18443.95986941548,7648.621809180244,411.978,7614.4890000000005,0.0,0.0,0,0.0,0.0,0.0,0.0,0,-12200.0,43313.58200396245
18-02-2050 17:00:00,23669.92713589466,10515.276785787546,8305.869424853125,415.39300000000003,7527.656999999999,0.0,0.0,0,0.0,0.0,0.0,0.0,0,-7428.538979105924,43388.4808975054
18-02-2050 18:00:00,23068.228316808043,1841.1617133175866,4479.09818100126,418.634,7757.095,5926.052985814287,0.0,0,0.0,0.0,0.0,0.0,0,0.0,43768.70112258566
18-02-2050 19:00:00,24262.03133778346,15.195998199178472,728.3615313218907,424.366,8528.181,10000.0,0.0,0,0.0,0.0,0.0,0.0,0,0.0,46946.78673707363
18-02-2050 20:00:00,26523.42562622737,4.9265564937975865,304.94725535146426,423.36699999999996,8219.795,10000.0,0.0,0,0.0,0.0,0.0,0.0,0,0.0,47824.34771606596
18-02-2050 21:00:00,28333.359831708298,1.6653148711428465,337.36980836302973,431.505,7716.303000000001,3753.9470141857164,0.0,0,0.0,0.0,0.0,0.0,0,0.0,46863.573291881235
18-02-2050 22:00:00,29394.461124237594,2.9143010244999816,287.65747396380175,425.537,6777.210999999999,0.0,0.0,0,0.0,0.0,0.0,0.0,0,0.0,43367.21131627558
18-02-2050 23:00:00,29511.722734615098,2.844912904869029,0.16851638781372458,418.376,6604.391,0.0,0.0,0,0.0,0.0,0.0,0.0,0,0.0,38992.00206068861
19-02-2050 00:00:00,28439.021774833167,0.8661996954195638,0.0,412.42,6815.065,0.0,0.0,0,0.0,0.0,0.0,0.0,0,0.0,35765.8181886469
19-02-2050 01:00:00,25610.461869772374,6.066574429595763,0.0,403.73199999999997,6823.996,0.0,0.0,0,0.0,0.0,0.0,0.0,0,0.0,32932.802857382856
19-02-2050 02:00:00,23934.619629751043,5.35075479485083,0.0,394.80699999999996,6826.06,0.0,0.0,0,0.0,0.0,0.0,0.0,0,0.0,31244.4642881749
19-02-2050 03:00:00,23449.613758243548,8.268398817164043,0.0,380.485,6679.057,0.0,0.0,0,0.0,0.0,0.0,0.0,0,0.0,30598.851773281152
19-02-2050 04:00:00,23375.15857905181,0.8746420102325063,77.2479121646611,389.166,6467.021,0.0,0.0,0,0.0,0.0,0.0,0.0,0,0.0,30393.4322303789
19-02-2050 05:00:00,23834.27360968497,11.92202327647302,280.9505217296537,398.19199999999995,6496.369000000001,0.0,0.0,0,0.0,0.0,0.0,0.0,0,0.0,31114.81565373236
19-02-2050 06:00:00,24332.069250947792,3.1398124133005756,13.717233966453932,397.455,6768.017,2549.612047114766,0.0,0,0.0,0.0,0.0,0.0,0,0.0,34161.75741254827
19-02-2050 07:00:00,23417.80284058219,66.97688247377636,25.681897499714978,397.621,7098.1990000000005,3991.2515434275483,0.0,0,0.0,0.0,0.0,0.0,0,0.0,39715.97230365466
19-02-2050 08:00:00,22674.787200330265,3443.142578267282,3514.4866795378985,389.99699999999996,7517.181,0.0,0.0,0,0.0,0.0,0.0,0.0,0,0.0,43295.67805276904
19-02-2050 09:00:00,19268.59321424487,17396.17272902063,0.0,386.353,7857.4,0.0,0.0,0,0.0,0.0,0.0,0.0,0,0.0,45065.54488254538
19-02-2050 10:00:00,11828.38272899462,20474.709344269315,4709.614849149133,391.23199999999997,7969.25,0.0,0.0,0,0.0,0.0,0.0,0.0,0,0.0,45737.34549034148
19-02-2050 11:00:00,5028.088469931036,11315.890573388984,20367.025441856124,392.61400000000003,7811.701999999999,0.0,0.0,0,0.0,0.0,0.0,0.0,0,0.0,45664.746299180835
19-02-2050 12:00:00,10539.914903370542,29041.480609556565,21666.185681912815,390.789,7482.37,0.0,0.0,0,0.0,0.0,0.0,0.0,0,-12200.0,45069.771469338375
19-02-2050 13:00:00,14450.782827199637,44797.50572189122,21401.008294080733,397.07300000000004,7317.655,0.0,0.0,0,0.0,0.0,0.0,0.0,0,-12200.0,44806.57659392556
19-02-2050 14:00:00,14042.498458384292,44890.72608828923,22424.94756959274,393.634,7205.438,0.0,0.0,0,0.0,0.0,0.0,0.0,0,-12200.0,43210.23717816978
19-02-2050 15:00:00,14691.746714564426,41848.1370075228,23585.789558548364,387.608,7002.415,0.0,0.0,0,0.0,0.0,0.0,0.0,0,-12200.0,42082.73531860404
19-02-2050 16:00:00,13659.922058852273,34734.64978195857,26162.00068858324,395.275,7073.241999999999,0.0,0.0,0,0.0,0.0,0.0,0.0,0,-12200.0,41557.36489318605
19-02-2050 17:00:00,11994.40833107189,21542.84145007715,26652.65300328331,394.514,7184.446,0.0,0.0,0,0.0,0.0,0.0,0.0,0,-12200.0,41234.643941546296
19-02-2050 18:00:00,11572.772063515395,4161.205516199104,20747.29952255136,405.69199999999995,7435.941,0.0,0.0,0,0.0,0.0,0.0,0.0,0,-3484.777977990656,41599.81559036426
19-02-2050 19:00:00,6781.308732287306,11.151285856275594,8996.886710177962,408.084,8325.737,10000.0,0.0,0,0.0,0.0,0.0,0.0,0,0.0,44944.6930145228
19-02-2050 20:00:00,17183.070351101152,8.708209013684469,6678.472964651883,415.62800000000004,8298.44,10000.0,0.0,0,0.0,0.0,0.0,0.0,0,0.0,45694.51210183438
19-02-2050 21:00:00,18877.274144635445,2.896953994592243,5693.831710773287,417.86300000000006,8260.43,10000.0,0.0,0,0.0,0.0,0.0,0.0,0,0.0,45099.408918347006
19-02-2050 22:00:00,15305.532613280724,1.7839833226643513,3600.0915699865145,418.909,7379.939,5174.161559600012,0.0,0,0.0,0.0,0.0,0.0,0,0.0,42121.30973570629
19-02-2050 23:00:00,19086.824095584874,7.14697632198805,3603.447615665322,414.436,6928.559,2732.9307147169166,0.0,0,0.0,0.0,0.0,0.0,0,0.0,38667.537474149634
20-02-2050 00:00:00,20560.77236252964,0.9020455552023753,8079.605064779633,407.8,6449.268,0.0,0.0,0,0.0,0.0,0.0,0.0,0,0.0,35605.59887546372
20-02-2050 01:00:00,21110.062571180464,4.527574805919614,5141.501407744563,403.459,6203.434,0.0,0.0,0,0.0,0.0,0.0,0.0,0,0.0,32953.19489461583
20-02-2050 02:00:00,20646.519474658384,2.289807947821414,3726.3402465819854,404.48400000000004,6072.245,0.0,0.0,0,0.0,0.0,0.0,0.0,0,0.0,30935.933720580848
20-02-2050 03:00:00,22060.09752062368,1.9081732898511783,1209.5081942214674,397.17900000000003,6005.286,0.0,0.0,0,0.0,0.0,0.0,0.0,0,0.0,29755.1113873183
20-02-2050 04:00:00,21150.43751892668,3.2265475628392655,1668.7370332225255,390.006,6023.8730000000005,0.0,0.0,0,0.0,0.0,0.0,0.0,0,0.0,29316.757229390336
20-02-2050 05:00:00,18758.090527859364,2.6714426057916496,3899.1003262561208,397.694,6012.779,0.0,0.0,0,0.0,0.0,0.0,0.0,0,0.0,29152.39426561553
20-02-2050 06:00:00,17833.707957149218,9.783724867964223,5494.723870389345,396.231,6047.6359999999995,0.0,0.0,0,0.0,0.0,0.0,0.0,0,0.0,29870.030552406526
20-02-2050 07:00:00,16172.947074950256,69.96057161790729,8440.86450707984,384.684,6325.111999999999,0.0,0.0,0,0.0,0.0,0.0,0.0,0,0.0,31489.26154452933
20-02-2050 08:00:00,16605.795729286972,5807.317243303169,4178.755212763081,386.481,6509.717,0.0,0.0,0,0.0,0.0,0.0,0.0,0,0.0,33598.14313003045
20-02-2050 09:00:00,11177.922470032387,18693.788530638238,0.0,388.125,6920.523,0.0,0.0,0,0.0,0.0,0.0,0.0,0,0.0,37339.53023907699
20-02-2050 10:00:00,7837.001330572597,23636.495994707097,0.0,390.56800000000004,7214.87,0.0,0.0,0,0.0,0.0,0.0,0.0,0,0.0,39738.10916058969
20-02-2050 11:00:00,6199.406905228038,22159.695031599455,10924.800107184565,387.68800000000005,7350.346,0.0,0.0,0,0.0,0.0,0.0,0.0,0,-8152.761537341735,40054.62648437078
20-02-2050 12:00:00,15881.096655290958,54400.90463564141,45377.924388698186,386.26199999999994,7172.718000000001,0.0,0.0,0,0.0,0.0,0.0,0.0,0,-12200.0,39460.583699457435
20-02-2050 13:00:00,18139.94686061432,57137.099979789964,48849.96863624442,385.19300000000004,6947.803000000001,0.0,0.0,0,0.0,0.0,0.0,0.0,0,-12200.0,39076.94847755426
20-02-2050 14:00:00,18963.79362418205,56233.4603948202,49393.501393434126,396.778,6721.406999999999,0.0,0.0,0,0.0,0.0,0.0,0.0,0,-12200.0,38053.23021577962
20-02-2050 15:00:00,19970.920276905992,51647.01742334672,51736.923985370784,399.726,6510.79,0.0,0.0,0,0.0,0.0,0.0,0.0,0,-12200.0,36372.37762607648
20-02-2050 16:00:00,21890.33819373996,42010.32327854259,52907.910660871654,400.64599999999996,6466.149,0.0,0.0,0,0.0,0.0,0.0,0.0,0,-12200.0,35487.6481947501
20-02-2050 17:00:00,22382.802322470678,25040.212079351386,47241.681934418855,401.50800000000004,6541.896,0.0,0.0,0,0.0,0.0,0.0,0.0,0,-12200.0,34830.17896254201
20-02-2050 18:00:00,23469.504807554156,4522.093143476489,28824.6944288339,404.216,6991.86,0.0,0.0,0,0.0,0.0,0.0,0.0,0,-12200.0,35625.261074125076
20-02-2050 19:00:00,24781.812341323537,28.084841420396025,15418.64282412699,405.77,7768.674,0.0,0.0,0,0.0,0.0,0.0,0.0,0,-9757.787908327715,39251.48534362524
20-02-2050 20:00:00,26769.974200308563,4.492880746097266,11291.002421508194,404.73199999999997,7863.5830000000005,0.0,0.0,0,0.0,0.0,0.0,0.0,0,-5983.842914507732,40837.27606444175
20-02-2050 21:00:00,30402.16267231809,2.966342114222397,9766.670584081556,399.777,7504.802,0.0,0.0,0,0.0,0.0,0.0,0.0,0,-7600.650842293737,40912.37282006503
20-02-2050 22:00:00,31621.003029985248,8.517391684698824,5241.196693159523,403.791,7004.061,0.0,0.0,0,0.0,0.0,0.0,0.0,0,-5470.928257958789,39093.875361309285
20-02-2050 23:00:00,31626.384647903156,1.752050020681531,1313.2819133538287,397.783,6428.5830000000005,0.0,0.0,0,0.0,0.0,0.0,0.0,0,-3569.2207297163186,36353.55229317985
21-02-2050 00:00:00,30933.59103484627,2.2377668580982,1153.2587515049381,386.376,6285.263000000001,0.0,0.0,0,0.0,0.0,0.0,0.0,0,-5359.865157725955,33536.755728485274
21-02-2050 01:00:00,32355.068527109746,9.99188922685708,911.7073612414533,350.63199999999995,5943.981,0.0,0.0,0,0.0,0.0,0.0,0.0,0,-9151.716814725627,30537.64841111605
21-02-2050 02:00:00,35939.71937416158,3.4000178619166452,621.3873283504508,328.309,5519.985,0.0,0.0,0,0.0,0.0,0.0,0.0,0,-12200.0,28699.82602758429
21-02-2050 03:00:00,35196.21682562202,14.311299673883836,523.1085709892213,285.235,5249.5830000000005,0.0,0.0,0,0.0,0.0,0.0,0.0,0,-12200.0,27768.285034627483
21-02-2050 04:00:00,34279.95152860188,1.2316391234493966,466.857800743659,254.516,5173.641,0.0,0.0,0,0.0,0.0,0.0,0.0,0,-12200.0,27526.02720577063
21-02-2050 05:00:00,31223.371939560522,11.379651619476116,0.0,253.12400000000002,5310.354,0.0,0.0,0,0.0,0.0,0.0,0.0,0,-9306.417743991453,27572.960407162976
21-02-2050 06:00:00,36552.74331498939,3.7296114301636663,0.0,252.312,5147.621,0.0,0.0,0,0.0,0.0,0.0,0.0,0,-12200.0,28110.58840820169
21-02-2050 07:00:00,39615.99226623382,74.73100484253524,0.0,254.201,5118.521,0.0,0.0,0,0.0,0.0,0.0,0.0,0,-12200.0,28816.402731896025
21-02-2050 08:00:00,35540.87741970378,3125.1541730285367,0.0,256.249,5755.3009999999995,0.0,0.0,0,0.0,0.0,0.0,0.0,0,-12200.0,29582.169660852738
21-02-2050 09:00:00,35152.14521890252,15777.089007027882,35.38844143669121,284.375,6172.291,0.0,0.0,0,0.0,0.0,0.0,0.0,0,-12200.0,32508.65646060949
21-02-2050 10:00:00,34435.653266951034,30494.257139663063,451.354293066659,372.726,6708.456999999999,0.0,0.0,0,0.0,0.0,0.0,0.0,0,-12200.0,34564.5556361677
21-02-2050 11:00:00,33571.32698950858,41067.98309665559,2382.215064406744,378.274,6804.3,0.0,0.0,0,0.0,0.0,0.0,0.0,0,-12200.0,35360.78503186904
21-02-2050 12:00:00,32584.914865628198,47486.88722638597,7366.120936682797,380.884,6810.812,0.0,0.0,0,0.0,0.0,0.0,0.0,0,-12200.0,35100.69197038554
21-02-2050 13:00:00,32951.627279789696,50120.91228866662,13877.257128255558,376.04400000000004,6585.414000000001,0.0,0.0,0,0.0,0.0,0.0,0.0,0,-12200.0,35166.54489397036
21-02-2050 14:00:00,32939.134238198916,48256.991272110085,18663.02143176389,395.51099999999997,6600.064,0.0,0.0,0,0.0,0.0,0.0,0.0,0,-12200.0,35086.39495408096
21-02-2050 15:00:00,32692.630510892744,40630.36957317307,21800.122506931308,404.909,6470.717,0.0,0.0,0,0.0,0.0,0.0,0.0,0,-12200.0,33586.839715659175
21-02-2050 16:00:00,30017.934373185697,29084.151772522862,22869.021954706637,402.336,6728.468000000001,0.0,0.0,0,0.0,0.0,0.0,0.0,0,-12200.0,32565.086251987224
21-02-2050 17:00:00,25700.569840178337,14367.313233455921,18484.15813775966,405.855,6725.901,0.0,0.0,0,0.0,0.0,0.0,0.0,0,-12200.0,32339.856015129786
21-02-2050 18:00:00,23284.076042056833,2158.057255672144,6738.363688873826,409.916,7253.057,0.0,0.0,0,0.0,0.0,0.0,0.0,0,-6707.032594520864,33463.92352609231
21-02-2050 19:00:00,26076.808999388813,16.06334969456537,2059.0006326184375,416.149,7728.76,892.5471240401057,0.0,0,0.0,0.0,0.0,0.0,0,0.0,37395.287062421135
21-02-2050 20:00:00,27743.175733583637,5.880643138723176,1440.0399402522016,416.381,8296.0,1554.357506569897,0.0,0,0.0,0.0,0.0,0.0,0,0.0,39648.4243220886
21-02-2050 21:00:00,26784.107354067084,7.979633757559473,293.18481148348656,416.913,8199.581,4160.5352344735875,0.0,0,0.0,0.0,0.0,0.0,0,0.0,40014.582911702324
21-02-2050 22:00:00,24294.686226495374,12.88884322144932,0.0,418.126,7918.210999999999,5708.188539608247,0.0,0,0.0,0.0,0.0,0.0,0,0.0,38479.67236559238
21-02-2050 23:00:00,22803.86915005905,1.075515854279755,0.0,414.16,7184.314,4909.423307945181,0.0,0,0.0,0.0,0.0,0.0,0,0.0,35422.97059561833
22-02-2050 00:00:00,20938.414586411076,2.081643588928558,0.0,416.923,5858.344,4763.798680239859,0.0,0,0.0,0.0,0.0,0.0,0,0.0,32074.11223379643
22-02-2050 01:00:00,18161.993056715066,10.113318436211244,0.0,408.20599999999996,5561.187,5515.291700572096,0.0,0,0.0,0.0,0.0,0.0,0,0.0,29742.167415898075
22-02-2050 02:00:00,15515.089131531515,0.9193925851101131,0.0,406.724,5333.331999999999,2175.857906551024,0.0,0,0.0,0.0,0.0,0.0,0,0.0,28356.6107507299
22-02-2050 03:00:00,12153.724174490977,16.288861083365965,0.0,399.358,5460.371,0.0,0.0,0,0.0,0.0,0.0,0.0,0,0.0,27881.281264647972
22-02-2050 04:00:00,9630.462920928225,2.029602499205344,2178.2862707258937,402.162,5531.7880000000005,0.0,0.0,0,0.0,0.0,0.0,0.0,0,0.0,27823.613749199132
22-02-2050 05:00:00,8711.743862405905,11.466386769014807,8582.96754640341,400.106,5593.525,0.0,0.0,0,0.0,0.0,0.0,0.0,0,0.0,28765.688824526394
22-02-2050 06:00:00,8467.085261242375,4.3887985666577105,17718.048001447285,398.539,5757.34,0.0,0.0,0,0.0,0.0,0.0,0.0,0,0.0,32441.177197610272
22-02-2050 07:00:00,9290.594529466925,66.6299418756216,21157.02951722301,408.18800000000005,7190.473000000001,0.0,0.0,0,0.0,0.0,0.0,0.0,0,0.0,38230.288737304996
22-02-2050 08:00:00,9004.004155374325,2619.731109636683,21337.767195934775,411.175,8246.466999999999,0.0,0.0,0,0.0,0.0,0.0,0.0,0,0.0,41753.89130570112
22-02-2050 09:00:00,10214.028910353767,16524.850078230833,7507.739975207374,405.11400000000003,8646.253,0.0,0.0,0,0.0,0.0,0.0,0.0,0,0.0,43446.79571025885
22-02-2050 10:00:00,8199.96769123977,26721.37403767543,0.0,406.73900000000003,8551.622,0.0,0.0,0,0.0,0.0,0.0,0.0,0,0.0,44078.75692641538
22-02-2050 11:00:00,7250.443645987009,27378.251541269903,0.0,405.233,8118.314,0.0,0.0,0,0.0,0.0,0.0,0.0,0,0.0,43596.37075440413
22-02-2050 12:00:00,7691.6550681532835,26266.06896168281,0.0,407.57,7915.644,0.0,0.0,0,0.0,0.0,0.0,0.0,0,0.0,43022.071524616294
22-02-2050 13:00:00,13718.787784002001,38934.28408938282,0.0,408.381,7054.371999999999,0.0,0.0,0,0.0,0.0,0.0,0.0,0,-12200.0,42726.42489843006
22-02-2050 14:00:00,23585.03739452204,49464.41331651716,12113.560200423235,406.564,6387.984,0.0,0.0,0,0.0,0.0,0.0,0.0,0,-12200.0,41097.18074226798
22-02-2050 15:00:00,29413.28835376729,43226.28949534842,33101.3370215398,407.094,6427.374,0.0,0.0,0,0.0,0.0,0.0,0.0,0,-12200.0,39979.8326433495
22-02-2050 16:00:00,31397.064551327145,31731.988622971363,33839.37139352108,403.306,6788.871999999999,0.0,0.0,0,0.0,0.0,0.0,0.0,0,-12200.0,39704.118745814645
22-02-2050 17:00:00,33425.371260242224,16031.641995936245,27952.285089225858,410.56199999999995,6871.626,0.0,0.0,0,0.0,0.0,0.0,0.0,0,-12200.0,39575.93926693831
22-02-2050 18:00:00,33846.05050220908,2740.5877313573214,11671.849457921926,415.506,7190.278,0.0,0.0,0,0.0,0.0,0.0,0.0,0,-12200.0,40161.40644863523
22-02-2050 19:00:00,34972.014718892635,16.011308577218976,1015.783082342823,411.542,7809.03,0.0,0.0,0,0.0,0.0,0.0,0.0,0,-707.7014834964866,43702.061489891224
22-02-2050 20:00:00,37045.65465479674,4.891862432069366,316.709699219442,410.51199999999994,8114.241,0.0,0.0,0,0.0,0.0,0.0,0.0,0,-1202.8983691058893,44858.92473939548
22-02-2050 21:00:00,38628.10019684713,5.620437690022804,340.9086525066523,415.964,7982.543000000001,0.0,0.0,0,0.0,0.0,0.0,0.0,0,-3272.33578584739,44263.9325324442
22-02-2050 22:00:00,37792.21320797194,12.021491726055048,293.89258031221107,410.129,7375.892,0.0,0.0,0,0.0,0.0,0.0,0.0,0,-5076.013000611492,40948.907401549135
22-02-2050 23:00:00,37217.25780723428,0.7285752561249771,0.0,406.712,6573.934,0.0,0.0,0,0.0,0.0,0.0,0.0,0,-7407.964750295734,36902.19659135952
23-02-2050 00:00:00,34238.545104088385,2.1683787384672457,0.0,404.756,6171.933000000001,0.0,0.0,0,0.0,0.0,0.0,0.0,0,-7032.6819309898165,33880.67991239382
23-02-2050 01:00:00,33540.574887131275,12.038838755970163,0.0,397.17800000000005,5681.476,0.0,0.0,0,0.0,0.0,0.0,0.0,0,-8248.78755640881,31468.876221179307
23-02-2050 02:00:00,34210.919465452804,1.162251003818445,0.0,388.051,5452.908,0.0,0.0,0,0.0,0.0,0.0,0.0,0,-10034.503422914353,30100.46167895524
23-02-2050 03:00:00,35699.05854630709,15.195998199178472,0.0,375.755,5453.04,0.0,0.0,0,0.0,0.0,0.0,0.0,0,-12140.056078343212,29483.169902140617
23-02-2050 04:00:00,39012.34771663109,2.393890127267842,0.0,378.838,5364.066,0.0,0.0,0,0.0,0.0,0.0,0.0,0,-12200.0,29415.931943993794
23-02-2050 05:00:00,41732.012397376966,12.212309055047543,0.0,399.32099999999997,5445.8769999999995,0.0,0.0,0,0.0,0.0,0.0,0.0,0,-12200.0,30111.327506130972
23-02-2050 06:00:00,44364.11687329143,4.21532826758033,0.0,408.783,5760.871,0.0,0.0,0,0.0,0.0,0.0,0.0,0,-12200.0,32984.7454053349
23-02-2050 07:00:00,47877.16657530809,78.91163905030008,0.0,415.56300000000005,6431.644,0.0,0.0,0,0.0,0.0,0.0,0.0,0,-12200.0,38598.65816908527
23-02-2050 08:00:00,47490.95220288897,4717.507436379437,134.24015451641753,421.19800000000004,7361.109,0.0,0.0,0,0.0,0.0,0.0,0.0,0,-12200.0,41603.126719468346
23-02-2050 09:00:00,43489.14268040085,22341.638799863627,543.7349768551067,415.999,7828.54,0.0,0.0,0,0.0,0.0,0.0,0.0,0,-12200.0,42896.57680905696
23-02-2050 10:00:00,43401.17885422573,37327.98079557718,5253.835422244039,418.501,7780.547,0.0,0.0,0,0.0,0.0,0.0,0.0,0,-12200.0,43310.70648738242
23-02-2050 11:00:00,46630.35461785978,47305.12504701268,16331.529800083023,407.648,7808.8,0.0,0.0,0,0.0,0.0,0.0,0.0,0,-12200.0,42873.94430958548
23-02-2050 12:00:00,51878.463562756595,54412.93177546907,23686.596061726566,408.404,7652.488,0.0,0.0,0,0.0,0.0,0.0,0.0,0,-12200.0,42335.916240108985
23-02-2050 13:00:00,53753.66910553337,56758.44103632422,29817.727798824548,410.98199999999997,7422.723000000001,0.0,0.0,0,0.0,0.0,0.0,0.0,0,-12200.0,42258.57665264148
23-02-2050 14:00:00,55484.455087520684,55573.777669864976,36561.484012107714,410.42,6389.422,0.0,0.0,0,0.0,0.0,0.0,0.0,0,-12200.0,40763.20258356906
23-02-2050 15:00:00,56102.931119832465,50717.96236403114,45627.53086229821,411.439,5836.036999999999,0.0,0.0,0,0.0,0.0,0.0,0.0,0,-12200.0,39675.659385799016
23-02-2050 16:00:00,56014.33303154583,41203.79299380326,53432.434769518324,410.534,5982.309,0.0,0.0,0,0.0,0.0,0.0,0.0,0,-12200.0,39358.30638105605
23-02-2050 17:00:00,54106.85700133684,25090.90018182139,49668.149402260315,415.656,5896.09,0.0,0.0,0,0.0,0.0,0.0,0.0,0,-12200.0,39124.42392372957
23-02-2050 18:00:00,49525.17814839645,5142.752527537725,29615.20480397402,427.126,6659.438,0.0,0.0,0,0.0,0.0,0.0,0.0,0,-12200.0,39394.413248701916
23-02-2050 19:00:00,47295.259918073316,29.19505133472303,11591.905283552594,426.093,8423.634,0.0,0.0,0,0.0,0.0,0.0,0.0,0,-12200.0,43331.82757331841
23-02-2050 20:00:00,46844.004849126184,7.858204548205306,3922.0841127879685,427.964,9001.471,0.0,0.0,0,0.0,0.0,0.0,0.0,0,-12200.0,45044.24528630943
23-02-2050 21:00:00,45560.06613474526,3.9724698488719983,1074.7975213482277,430.87199999999996,8761.987,0.0,0.0,0,0.0,0.0,0.0,0.0,0,-11497.146961008999,44517.789186522736
23-02-2050 22:00:00,44748.26188548808,7.597999099589236,596.2109800140606,429.575,7765.613,0.0,0.0,0,0.0,0.0,0.0,0.0,0,-12200.0,40919.619864323155
23-02-2050 23:00:00,43431.68109577124,6.036766407892818,594.3910030259285,422.30199999999996,6998.1759999999995,0.0,0.0,0,0.0,0.0,0.0,0.0,0,-12200.0,36943.31833464516
24-02-2050 00:00:00,42063.65460145235,2.0469495291130824,589.6725441677263,407.181,6203.106,0.0,0.0,0,0.0,0.0,0.0,0.0,0,-12200.0,34143.61847545113
24-02-2050 01:00:00,40872.52957605896,11.795980337261831,95.41397876874544,387.671,5796.564,0.0,0.0,0,0.0,0.0,0.0,0.0,0,-12200.0,31810.14170743413
24-02-2050 02:00:00,40055.61919646953,1.196945063633921,0.0,376.038,5771.467,0.0,0.0,0,0.0,0.0,0.0,0.0,0,-12200.0,30244.360332521625
24-02-2050 03:00:00,38743.14509375766,14.45007591314574,0.0,371.295,5773.11,0.0,0.0,0,0.0,0.0,0.0,0.0,0,-12200.0,29834.48291171815
24-02-2050 04:00:00,37574.90475788341,2.081643588928558,0.0,364.211,5720.154,0.0,0.0,0,0.0,0.0,0.0,0.0,0,-12200.0,29672.08672071748
24-02-2050 05:00:00,36625.10044920802,12.472514503663612,195.51271311822347,376.909,5748.445,0.0,0.0,0,0.0,0.0,0.0,0.0,0,-12200.0,30209.326896281425
24-02-2050 06:00:00,36477.2148702131,4.596962925550566,505.212130605476,401.54699999999997,6169.646,0.0,0.0,0,0.0,0.0,0.0,0.0,0,-10400.27455675415,33270.30422490064
24-02-2050 07:00:00,35893.98843525131,92.09538178018096,533.0847411465365,422.815,7284.736,0.0,0.0,0,0.0,0.0,0.0,0.0,0,-5546.723961027845,38814.41432721197
24-02-2050 08:00:00,32476.42401111623,3949.242175825537,519.9067596211098,430.68300000000005,8015.840999999999,0.0,0.0,0,0.0,0.0,0.0,0.0,0,-3711.2874203479078,41827.31314499204
24-02-2050 09:00:00,30393.56489703662,16316.269390620193,526.2429758021608,431.62800000000004,7776.701,0.0,0.0,0,0.0,0.0,0.0,0.0,0,-12200.0,43212.7146009835
24-02-2050 10:00:00,30361.903044963976,26636.55524066066,3557.88649548823,429.402,7833.188,0.0,0.0,0,0.0,0.0,0.0,0.0,0,-12200.0,43612.14956417228
24-02-2050 11:00:00,29128.615605873692,34106.61999468033,8219.555331025273,419.214,7887.089,0.0,0.0,0,0.0,0.0,0.0,0.0,0,-12200.0,43317.880863730825
24-02-2050 12:00:00,32203.031414293888,37707.98483273609,14049.447173303226,425.31300000000005,7675.621,0.0,0.0,0,0.0,0.0,0.0,0.0,0,-12200.0,42871.06365885965
24-02-2050 13:00:00,37097.388674843634,37388.122948267315,10415.829413140425,424.815,7595.969,0.0,0.0,0,0.0,0.0,0.0,0.0,0,-12200.0,42845.8984457736
24-02-2050 14:00:00,40863.45770585765,37036.533346097276,8105.368626656244,426.85,7230.210999999999,0.0,0.0,0,0.0,0.0,0.0,0.0,0,-12200.0,41418.821153684854
24-02-2050 15:00:00,46047.7880717615,33567.12736454968,9825.752429642016,423.38699999999994,7164.861,0.0,0.0,0,0.0,0.0,0.0,0.0,0,-12200.0,40591.23121065894
24-02-2050 16:00:00,45902.695808732526,25952.301645949938,11557.864973218297,414.699,7173.33,0.0,0.0,0,0.0,0.0,0.0,0.0,0,-12200.0,40146.858254120925
24-02-2050 17:00:00,46395.44699582505,13258.19618224488,9676.379503501696,421.583,7642.326999999999,0.0,0.0,0,0.0,0.0,0.0,0.0,0,-12200.0,40156.086288787745
24-02-2050 18:00:00,45521.34411250183,2006.895237056115,5481.5347654308425,429.51,7813.056,0.0,0.0,0,0.0,0.0,0.0,0.0,0,-12200.0,40717.3159580505
24-02-2050 19:00:00,45396.9326383216,17.746011595615958,4225.143984596129,424.644,8247.502,0.0,0.0,0,0.0,0.0,0.0,0.0,0,-12200.0,44048.26365479603
24-02-2050 20:00:00,44878.80456007979,6.487789185494006,2776.0041594030336,423.915,8107.223000000001,0.0,0.0,0,0.0,0.0,0.0,0.0,0,-11455.882727933444,44977.916861837075
24-02-2050 21:00:00,45972.06101965736,3.573488160994025,587.279611460981,416.07099999999997,8025.509,0.0,0.0,0,0.0,0.0,0.0,0.0,0,-10996.408640958216,44176.511062370555
24-02-2050 22:00:00,45861.80191925869,10.807199632520765,0.0,427.405,7802.308000000001,0.0,0.0,0,0.0,0.0,0.0,0.0,0,-12200.0,40611.317963684196
24-02-2050 23:00:00,44460.26844672451,4.614309955458304,0.0,431.639,7431.9580000000005,0.0,0.0,0,0.0,0.0,0.0,0.0,0,-12200.0,36812.13222100388
25-02-2050 00:00:00,46591.376328096536,2.2724609179136763,0.0,409.73900000000003,6557.893,0.0,0.0,0,0.0,0.0,0.0,0.0,0,-12200.0,34255.10171219897
25-02-2050 01:00:00,48484.033688972435,6.140848587339246,0.0,379.31,6267.371,0.0,0.0,0,0.0,0.0,0.0,0.0,0,-12200.0,31646.854544670732
25-02-2050 02:00:00,51068.267392186215,1.5265386318809429,0.0,347.35699999999997,5992.802,0.0,0.0,0,0.0,0.0,0.0,0.0,0,-12200.0,30182.964637356345
25-02-2050 03:00:00,55603.11976256915,8.9510674323928,0.0,342.30199999999996,5531.17,0.0,0.0,0,0.0,0.0,0.0,0.0,0,-12200.0,29613.493479288198
25-02-2050 04:00:00,57177.268629759994,2.49797230671427,0.0,340.191,5483.956,0.0,0.0,0,0.0,0.0,0.0,0.0,0,-12200.0,29439.404073770052
25-02-2050 05:00:00,59482.69608479544,8.309227325806495,0.0,342.19199999999995,5643.12,0.0,0.0,0,0.0,0.0,0.0,0.0,0,-12200.0,30187.280084364986
25-02-2050 06:00:00,60167.52618467427,4.9785975835208,0.0,369.19699999999995,6351.061,0.0,0.0,0,0.0,0.0,0.0,0.0,0,-12200.0,33224.32084048054
25-02-2050 07:00:00,60301.11844275174,92.32089316898154,0.0,409.939,7499.951999999999,0.0,0.0,0,0.0,0.0,0.0,0.0,0,-12200.0,38478.77625968383
25-02-2050 08:00:00,57754.53684488619,4854.618360770199,0.0,423.246,7638.883000000001,0.0,0.0,0,0.0,0.0,0.0,0.0,0,-12200.0,41183.87948258723
25-02-2050 09:00:00,55014.14012178759,21638.789189091807,248.0561228323495,424.94300000000004,8089.563,0.0,0.0,0,0.0,0.0,0.0,0.0,0,-12200.0,42591.574189493316
25-02-2050 10:00:00,54501.72040254958,35631.805558228465,3962.258419638034,427.139,7603.149,0.0,0.0,0,0.0,0.0,0.0,0.0,0,-12200.0,42857.21212843645
25-02-2050 11:00:00,56151.63476197254,41950.044873404244,16896.127105747,427.29400000000004,7890.198,0.0,0.0,0,0.0,0.0,0.0,0.0,0,-12200.0,42669.61794480347
25-02-2050 12:00:00,56637.28093207831,43410.977038174125,18044.060739397653,429.29,7764.4169999999995,0.0,0.0,0,0.0,0.0,0.0,0.0,0,-12200.0,42467.90367542876
25-02-2050 13:00:00,56434.79115129967,43133.962317577454,15237.184377750731,428.50800000000004,7517.994000000001,0.0,0.0,0,0.0,0.0,0.0,0.0,0,-12200.0,42393.11417868465
25-02-2050 14:00:00,57881.08174616885,40067.37171751744,14699.044144970365,427.034,7087.068,0.0,0.0,0,0.0,0.0,0.0,0.0,0,-12200.0,40971.61770307609
25-02-2050 15:00:00,58967.515083031445,35428.49836770978,14001.925551945344,425.875,6998.166,0.0,0.0,0,0.0,0.0,0.0,0.0,0,-12200.0,40208.335305750385
25-02-2050 16:00:00,57462.55203950156,26555.423181782167,11363.90261086775,427.055,7291.524,0.0,0.0,0,0.0,0.0,0.0,0.0,0,-12200.0,39737.955136215794
25-02-2050 17:00:00,57059.218996759075,15613.714679356806,13851.777450421243,429.04699999999997,7552.0,0.0,0.0,0,0.0,0.0,0.0,0.0,0,-12200.0,39912.294140206446
25-02-2050 18:00:00,50520.64932910216,2745.4623824079677,8927.829708922072,427.815,8000.191999999999,0.0,0.0,0,0.0,0.0,0.0,0.0,0,-12200.0,40238.551333496805
25-02-2050 19:00:00,47058.32137594409,17.31233584792251,2609.274045319995,434.07,8592.201,0.0,0.0,0,0.0,0.0,0.0,0.0,0,-12200.0,43578.883063954476
25-02-2050 20:00:00,46005.57440456064,5.308191151767823,517.3116072490811,431.765,8463.22,0.0,0.0,0,0.0,0.0,0.0,0.0,0,-10904.76834998688,44692.08356293839
25-02-2050 21:00:00,44814.50063267122,3.243894592747003,0.0,433.041,8647.375,0.0,0.0,0,0.0,0.0,0.0,0.0,0,-10102.04961786604,43947.234328757346
25-02-2050 22:00:00,43590.16974339833,6.296971856508889,0.0,430.931,8173.0419999999995,0.0,0.0,0,0.0,0.0,0.0,0.0,0,-11492.544592493308,40839.077359747535
25-02-2050 23:00:00,43073.49598333145,3.8510406395178323,0.0,432.064,7419.014,0.0,0.0,0,0.0,0.0,0.0,0.0,0,-12200.0,37115.520744116126
26-02-2050 00:00:00,45113.129173506946,1.2316391234493966,0.0,411.599,6160.734,0.0,0.0,0,0.0,0.0,0.0,0.0,0,-12200.0,34272.761593999945
26-02-2050 01:00:00,45955.19221016581,5.4122733312142515,0.0,403.579,5910.94,0.0,0.0,0,0.0,0.0,0.0,0.0,0,-12200.0,31853.063561222672
26-02-2050 02:00:00,44146.35354833207,1.1275569440029691,0.0,398.037,6144.7,0.0,0.0,0,0.0,0.0,0.0,0.0,0,-12200.0,30274.166418472953
26-02-2050 03:00:00,44181.39172497822,8.500044654791612,0.0,397.89300000000003,6054.311,0.0,0.0,0,0.0,0.0,0.0,0.0,0,-12200.0,29601.815667208124
26-02-2050 04:00:00,41760.15697774022,1.040821794464279,0.0,399.931,6332.868,0.0,0.0,0,0.0,0.0,0.0,0.0,0,-12200.0,29540.999735583468
26-02-2050 05:00:00,40184.64348600636,5.117373822782705,0.0,406.777,6302.8859999999995,0.0,0.0,0,0.0,0.0,0.0,0.0,0,-12200.0,30211.013265708272
26-02-2050 06:00:00,40386.844965825214,2.480625276806532,0.0,412.533,6714.534000000001,0.0,0.0,0,0.0,0.0,0.0,0.0,0,-12200.0,33356.55313506132
26-02-2050 07:00:00,40432.43495759959,103.63115666882672,0.0,414.032,7989.467,0.0,0.0,0,0.0,0.0,0.0,0.0,0,-10757.30205396792,38299.13684256028
26-02-2050 08:00:00,40327.68560887686,3079.6182195207243,0.0,422.591,8293.134,0.0,0.0,0,0.0,0.0,0.0,0.0,0,-10919.015602167568,41334.10340377423
26-02-2050 09:00:00,41218.13195327603,10087.644831947791,0.0,417.47900000000004,8218.829,0.0,0.0,0,0.0,0.0,0.0,0.0,0,-12200.0,43130.311955892575
26-02-2050 10:00:00,44395.24056357248,15789.336010142742,899.5067747652065,418.597,8454.468,0.0,0.0,0,0.0,0.0,0.0,0.0,0,-12200.0,43791.46197570205
26-02-2050 11:00:00,50760.23383337343,21951.33062693952,3083.378050738829,410.746,8211.624,0.0,0.0,0,0.0,0.0,0.0,0.0,0,-12200.0,43931.75408931393
26-02-2050 12:00:00,54190.39380610722,24341.335019508027,2912.6372466261964,409.995,8190.526999999999,0.0,0.0,0,0.0,0.0,0.0,0.0,0,-12200.0,43818.959670716635
26-02-2050 13:00:00,59207.18928093466,23211.765820035762,981.6079588982975,412.675,8072.404,0.0,0.0,0,0.0,0.0,0.0,0.0,0,-12200.0,43773.84356200177
26-02-2050 14:00:00,64270.15775614403,17786.63833965988,0.0,418.73699999999997,7729.06,0.0,0.0,0,0.0,0.0,0.0,0.0,0,-12200.0,42548.65786478485
26-02-2050 15:00:00,66455.67763865991,12966.47118028645,0.0,419.48,7486.316999999999,0.0,0.0,0,0.0,0.0,0.0,0.0,0,-12200.0,41481.93086367742
26-02-2050 16:00:00,66638.31950002919,7750.271328119362,0.0,420.9,7764.729,0.0,0.0,0,0.0,0.0,0.0,0.0,0,-12200.0,41326.1348145646
26-02-2050 17:00:00,65512.28642466779,3826.737450617092,0.0,417.88199999999995,7962.189,0.0,0.0,0,0.0,0.0,0.0,0.0,0,-12200.0,41419.43014236311
26-02-2050 18:00:00,61457.903620490455,751.8029291714565,0.0,414.022,8746.812,0.0,0.0,0,0.0,0.0,0.0,0.0,0,-12200.0,41949.62705976361
26-02-2050 19:00:00,64941.47615104085,3.9898168787797363,0.0,411.94599999999997,8905.747,0.0,0.0,0,0.0,0.0,0.0,0.0,0,-12200.0,44221.450240522645
26-02-2050 20:00:00,70391.98518308435,2.8102188450535532,0.0,405.12199999999996,8526.683,0.0,0.0,0,0.0,0.0,0.0,0.0,0,-12200.0,44757.59131395198
26-02-2050 21:00:00,72913.03612928872,1.942867349666654,0.0,393.949,8168.571999999999,0.0,0.0,0,0.0,0.0,0.0,0.0,0,-12200.0,43886.613494672936
26-02-2050 22:00:00,76121.3196833702,6.6786065144791245,0.0,393.49699999999996,7863.403,0.0,0.0,0,0.0,0.0,0.0,0.0,0,-12200.0,40995.18066773957
26-02-2050 23:00:00,75337.69845460421,2.602054486160698,0.0,360.67199999999997,6940.371,0.0,0.0,0,0.0,0.0,0.0,0.0,0,-12200.0,37837.098080206946
27-02-2050 00:00:00,72351.19521885517,0.8846985252946371,0.0,329.899,6855.6630000000005,0.0,0.0,0,0.0,0.0,0.0,0.0,0,-12200.0,35403.92923366398
27-02-2050 01:00:00,70774.94495800187,5.8979901686309155,0.0,322.123,6517.738,0.0,0.0,0,0.0,0.0,0.0,0.0,0,-12200.0,32804.94051074299
27-02-2050 02:00:00,72032.52015128224,1.283680213172611,0.0,320.755,6034.316,0.0,0.0,0,0.0,0.0,0.0,0.0,0,-12200.0,30629.519210923332
27-02-2050 03:00:00,75005.40917504134,8.708209013684469,0.0,320.526,5569.621999999999,0.0,0.0,0,0.0,0.0,0.0,0.0,0,-12200.0,29652.8486814857
27-02-2050 04:00:00,73216.18138516112,1.6826619010505843,0.0,322.86400000000003,5388.565,0.0,0.0,0,0.0,0.0,0.0,0.0,0,-12200.0,29239.951593085585
27-02-2050 05:00:00,77004.34067638285,7.788816428574355,0.0,324.908,5177.248,0.0,0.0,0,0.0,0.0,0.0,0.0,0,-12200.0,28934.588793447652
27-02-2050 06:00:00,75733.12564436054,3.4000178619166452,0.0,328.55400000000003,5507.672,0.0,0.0,0,0.0,0.0,0.0,0.0,0,-12200.0,29767.717294984544
27-02-2050 07:00:00,73743.18272627638,73.84630631724059,0.0,328.10699999999997,5801.109,0.0,0.0,0,0.0,0.0,0.0,0.0,0,-12200.0,31260.361578230677
27-02-2050 08:00:00,75020.8941399259,2248.7995691195215,0.0,330.54400000000004,6073.955,0.0,0.0,0,0.0,0.0,0.0,0.0,0,-12200.0,32798.13381822042
27-02-2050 09:00:00,77145.03154475907,11431.831485438594,150.080694969045,332.01599999999996,6766.539000000001,0.0,0.0,0,0.0,0.0,0.0,0.0,0,-12200.0,36706.394488335995
27-02-2050 10:00:00,80087.13643270085,20814.21546945739,2313.6963011298794,330.222,6687.561,0.0,0.0,0,0.0,0.0,0.0,0.0,0,-12200.0,40030.36922522202
27-02-2050 11:00:00,82606.86760117821,27662.97900030152,9258.593674883596,333.30300000000005,6632.156,0.0,0.0,0,0.0,0.0,0.0,0.0,0,-12200.0,40803.26195360921
27-02-2050 12:00:00,82316.18335345662,32236.055065669123,11292.316849333001,336.42800000000005,6514.231,0.0,0.0,0,0.0,0.0,0.0,0.0,0,-12200.0,40685.38157119959
27-02-2050 13:00:00,82013.67876638377,34552.17845786058,12780.080630608369,333.629,6668.653,0.0,0.0,0,0.0,0.0,0.0,0.0,0,-12200.0,40838.527216278824
27-02-2050 14:00:00,83841.26339729168,32357.53631611302,10462.137716506142,332.62300000000005,6171.380999999999,0.0,0.0,0,0.0,0.0,0.0,0.0,0,-12200.0,39776.23058805898
27-02-2050 15:00:00,85259.80021976533,28637.43105833879,14839.485702557606,333.152,6000.46,0.0,0.0,0,0.0,0.0,0.0,0.0,0,-12200.0,37764.68687776926
27-02-2050 16:00:00,85889.23809523701,22022.227938172447,18294.341278548818,329.32599999999996,6175.286999999999,0.0,0.0,0,0.0,0.0,0.0,0.0,0,-12200.0,36817.314153849184
27-02-2050 17:00:00,84939.92710153725,13390.137691723136,18109.74842735962,328.892,6310.619000000001,0.0,0.0,0,0.0,0.0,0.0,0.0,0,-12200.0,36611.84366442327
27-02-2050 18:00:00,82234.29306750104,3877.199960618701,14851.652585756266,328.10400000000004,6971.471,0.0,0.0,0,0.0,0.0,0.0,0.0,0,-12200.0,37391.08891089718
27-02-2050 19:00:00,81844.93301127625,30.02770877029445,3318.357301878277,330.324,7414.415,0.0,0.0,0,0.0,0.0,0.0,0.0,0,-12200.0,40492.90560478327
27-02-2050 20:00:00,81152.55583293898,3.2092005329315274,38.48914297204465,334.584,8020.389,0.0,0.0,0,0.0,0.0,0.0,0.0,0,-12200.0,42019.99250256876
27-02-2050 21:00:00,81922.63332328292,1.8908262599434404,0.0,336.13599999999997,7680.226,0.0,0.0,0,0.0,0.0,0.0,0.0,0,-12200.0,42032.25205286094
27-02-2050 22:00:00,82598.7503274882,6.262277796693412,0.0,334.466,7133.979,0.0,0.0,0,0.0,0.0,0.0,0.0,0,-12200.0,39890.840519596604
27-02-2050 23:00:00,80792.94202907624,2.2551138880059383,0.0,327.957,6517.5380000000005,0.0,0.0,0,0.0,0.0,0.0,0.0,0,-12200.0,36893.95628735702
28-02-2050 00:00:00,77954.09373155425,1.8561322001279643,0.0,325.101,5687.576,0.0,0.0,0,0.0,0.0,0.0,0.0,0,-12200.0,33724.039493764736
28-02-2050 01:00:00,76840.38712389578,7.563305039773762,0.0,323.428,4861.843,0.0,0.0,0,0.0,0.0,0.0,0.0,0,-12200.0,30834.667039032676
28-02-2050 02:00:00,73990.01319467032,1.196945063633921,0.0,321.702,4241.163,0.0,0.0,0,0.0,0.0,0.0,0.0,0,-12200.0,28586.6425987094
28-02-2050 03:00:00,72612.86357664617,11.310263499845167,0.0,318.707,4493.349,0.0,0.0,0,0.0,0.0,0.0,0.0,0,-12200.0,27529.435883644852
28-02-2050 04:00:00,74177.3895984681,2.41123715717558,0.0,320.399,4437.286,0.0,0.0,0,0.0,0.0,0.0,0.0,0,-12200.0,26948.699619831757
28-02-2050 05:00:00,72988.50691387306,10.824546662428503,0.0,319.622,4338.903,0.0,0.0,0,0.0,0.0,0.0,0.0,0,-12200.0,27032.12356500179
28-02-2050 06:00:00,72667.34605135796,4.458186686288662,0.0,309.779,4672.612,0.0,0.0,0,0.0,0.0,0.0,0.0,0,-12200.0,27429.98155556265
28-02-2050 07:00:00,72471.37827895851,80.71573016070485,0.0,314.259,4741.18,0.0,0.0,0,0.0,0.0,0.0,0.0,0,-12200.0,27775.03209207197
28-02-2050 08:00:00,72177.79180157508,3432.5261959637464,0.0,317.177,4683.83,0.0,0.0,0,0.0,0.0,0.0,0.0,0,-12200.0,28751.583746287703
28-02-2050 09:00:00,70465.49552114213,16536.646058568098,262.1440928519005,319.695,5677.245,0.0,0.0,0,0.0,0.0,0.0,0.0,0,-12200.0,32059.962527982756
28-02-2050 10:00:00,73326.7095664556,28041.47384585845,9581.572183729033,317.106,5954.821999999999,0.0,0.0,0,0.0,0.0,0.0,0.0,0,-12200.0,34785.51584346007
28-02-2050 11:00:00,73198.8641075099,36567.22679897333,28851.52223777061,314.425,5959.305,0.0,0.0,0,0.0,0.0,0.0,0.0,0,-12200.0,36006.214692185575
28-02-2050 12:00:00,70839.88955420996,39053.05618475218,35120.97222596966,312.655,6110.935,0.0,0.0,0,0.0,0.0,0.0,0.0,0,-12200.0,36065.50420277166
28-02-2050 13:00:00,70764.39954956164,39937.59858677765,36159.70724032994,316.70799999999997,6053.524,0.0,0.0,0,0.0,0.0,0.0,0.0,0,-12200.0,36541.19347399358
28-02-2050 14:00:00,74207.55869223786,36589.93406112256,34183.61667050596,313.645,5444.26,0.0,0.0,0,0.0,0.0,0.0,0.0,0,-12200.0,36211.938729426955
28-02-2050 15:00:00,77190.90343080524,30589.995397723873,31393.89527713647,313.578,5030.07,0.0,0.0,0,0.0,0.0,0.0,0.0,0,-12200.0,34534.698208758426
28-02-2050 16:00:00,78216.90888649639,22381.0339047841,22996.083311103168,314.039,4804.815,0.0,0.0,0,0.0,0.0,0.0,0.0,0,-12200.0,33432.8733971212
28-02-2050 17:00:00,76697.0759201295,12593.718201628975,22180.565104014357,313.36,5072.573,0.0,0.0,0,0.0,0.0,0.0,0.0,0,-12200.0,33167.29627805904
28-02-2050 18:00:00,75946.10958007543,2840.4894122425567,15302.703549324884,314.187,5372.4580000000005,0.0,0.0,0,0.0,0.0,0.0,0.0,0,-12200.0,34089.58396055437
28-02-2050 19:00:00,75624.56431628062,29.10831618518434,9449.623852086486,314.593,6495.181,0.0,0.0,0,0.0,0.0,0.0,0.0,0,-12200.0,37808.57237123029
28-02-2050 20:00:00,74903.90161044421,6.522483245309482,7007.720283123199,323.913,7120.786,0.0,0.0,0,0.0,0.0,0.0,0.0,0,-12200.0,40189.73074112296
28-02-2050 21:00:00,75070.94959323297,4.128593118041641,4286.517653030693,326.004,7016.691,0.0,0.0,0,0.0,0.0,0.0,0.0,0,-12200.0,40328.902031214144
28-02-2050 22:00:00,76111.74809150526,10.356176854919575,1449.4094514135504,324.66900000000004,6951.585999999999,0.0,0.0,0,0.0,0.0,0.0,0.0,0,-12200.0,39174.5312120267
28-02-2050 23:00:00,75572.93281772669,3.8336936096100946,532.7477083710255,316.329,6635.554,0.0,0.0,0,0.0,0.0,0.0,0.0,0,-12200.0,36338.016762935564
